pid,label,description,year,medium,series_subject,image_size,frame_size,gallery_one,gallery_one_identifier,gallery_price,gallery_two,gallery_two_identifier,gallery_three,gallery_three_identifier,order,layout,collection,thumbnail,full,manifest
obj0,Untitled,Three model hands. Two of the hands are pinned to the backing.,Unknown,Collage,Anatomical,15 1/2 x 19 1/2 ,17 x 21,,,,,,,,000,boghosian_item,boghosian,"/img/derivatives/iiif/images/obj0/full/250,/0/default.jpg","/img/derivatives/iiif/images/obj0/full/1140,/0/default.jpg",/img/derivatives/iiif/obj0/manifest.json
obj1,Flowing Harp,Two left legs bent at the knee to form the shape of a harp. Lines of sheet music between the legs appear as harp strings.,Unknown,Collage,Anatomical,6 x 4 3/4,20 3/4 x 16 3/4,Berta Walker,18124,,,,,,001,boghosian_item,boghosian,"/img/derivatives/iiif/images/obj1_obj1_0/full/250,/0/default.jpg","/img/derivatives/iiif/images/obj1_obj1_0/full/1140,/0/default.jpg",/img/derivatives/iiif/obj1/manifest.json
obj10,Untitled,A face peers out from the woods above which floats a skull.,Unknown,Collage,Anatomical,13 1/4 x 16 1/2,22 x 25 1/2,,,,,,,,002,boghosian_item,boghosian,"/img/derivatives/iiif/images/obj10/full/250,/0/default.jpg","/img/derivatives/iiif/images/obj10/full/1140,/0/default.jpg",/img/derivatives/iiif/obj10/manifest.json
obj100,Portrait of the Artist,The hind quarter of a horse extends out from between the lines of sheet music.,2012,Collage,Animals,9 1/4 x 13 1/4,17 1/4 x 21 1/4,,,,,,,,003,boghosian_item,boghosian,"/img/derivatives/iiif/images/obj100/full/250,/0/default.jpg","/img/derivatives/iiif/images/obj100/full/1140,/0/default.jpg",/img/derivatives/iiif/obj100/manifest.json
obj101,Untitled,Hands in prayer alongside a lamb.,Unknown,Collage,Animals,5 x 8,17 x 21,,,,,,,,004,boghosian_item,boghosian,"/img/derivatives/iiif/images/obj101/full/250,/0/default.jpg","/img/derivatives/iiif/images/obj101/full/1140,/0/default.jpg",/img/derivatives/iiif/obj101/manifest.json
obj102,Untitled,"A woman, hidden by the matboard, holds a moth by a string in her fingers.",c. 2014,Collage,Animals,24 x 18 3/4,24 x 18 3/4,,,,,,,,005,boghosian_item,boghosian,"/img/derivatives/iiif/images/obj102_obj102_0/full/250,/0/default.jpg","/img/derivatives/iiif/images/obj102_obj102_0/full/1140,/0/default.jpg",/img/derivatives/iiif/obj102/manifest.json
obj103,Untitled,"A sphere appears from behind a tree, in front of which a rabbit attempts to avoid a shooting target.",Unknown,Collage,Animals,16 x 11 1/2,24 3/4 x 20 1/4,,,,,,,,006,boghosian_item,boghosian,"/img/derivatives/iiif/images/obj103/full/250,/0/default.jpg","/img/derivatives/iiif/images/obj103/full/1140,/0/default.jpg",/img/derivatives/iiif/obj103/manifest.json
obj104,Rabbit and Cat,A rabbit and a cat gaze at ship at sea.,Unknown,Collage,Animals,8 x 8,16 3/4 x 16,Berta Walker Gallery,18123,,,,,,007,boghosian_item,boghosian,"/img/derivatives/iiif/images/obj104/full/250,/0/default.jpg","/img/derivatives/iiif/images/obj104/full/1140,/0/default.jpg",/img/derivatives/iiif/obj104/manifest.json
obj105,Untitled,"A snail, alongside the word spread out, between two pieces of an abstraction of a snail with its shell removed.",Unknown,Collage,Animals,16 3/4 x 14,25 1/4 x 22 1/4,,,,,,,,008,boghosian_item,boghosian,"/img/derivatives/iiif/images/obj105/full/250,/0/default.jpg","/img/derivatives/iiif/images/obj105/full/1140,/0/default.jpg",/img/derivatives/iiif/obj105/manifest.json
obj106,Untitled,A snail traverses the top of an architectural detail.,Unknown,Collage,Animals,4 3/4 x 7 3/4,15 x 18,,,,,,,,009,boghosian_item,boghosian,"/img/derivatives/iiif/images/obj106/full/250,/0/default.jpg","/img/derivatives/iiif/images/obj106/full/1140,/0/default.jpg",/img/derivatives/iiif/obj106/manifest.json
obj107,Untitled,A snail eats through a large leaf.,Unknown,Collage,Animals,6 1/2 x 10,20 1/2 x 16 3/4,,,,,,,,010,boghosian_item,boghosian,"/img/derivatives/iiif/images/obj107/full/250,/0/default.jpg","/img/derivatives/iiif/images/obj107/full/1140,/0/default.jpg",/img/derivatives/iiif/obj107/manifest.json
obj108,Untitled,A large snake coils upon the chin of a human.,c. 2013 - 2017,Collage,Animals,17 1/2 x 11 3/8,26 1/2 x 20 1/4,,,,,,,,011,boghosian_item,boghosian,"/img/derivatives/iiif/images/obj108/full/250,/0/default.jpg","/img/derivatives/iiif/images/obj108/full/1140,/0/default.jpg",/img/derivatives/iiif/obj108/manifest.json
obj109,Eurydice and the Serpents,The silhouette of a figure gazes at snakes along the water's edge.,2010,Collage,Animals,10 x 13 3/4,16 3/8 x 20,Berta Walker Gallery,,,,,,,012,boghosian_item,boghosian,"/img/derivatives/iiif/images/obj109/full/250,/0/default.jpg","/img/derivatives/iiif/images/obj109/full/1140,/0/default.jpg",/img/derivatives/iiif/obj109/manifest.json
obj11,Untitled,The skeleton arm extends from above towards a human skull.,Unknown,Collage,Anatomical,8 7/8 x 7 1/2,16 5/8 x 15 1/4,,,,,,,,013,boghosian_item,boghosian,"/img/derivatives/iiif/images/obj11/full/250,/0/default.jpg","/img/derivatives/iiif/images/obj11/full/1140,/0/default.jpg",/img/derivatives/iiif/obj11/manifest.json
obj110,Untitled,"The letter 'H' above a black snake, chalice, tulip, and the number two.",Unknown,Collage,Animals,,,,,,,,,,014,boghosian_item,boghosian,"/img/derivatives/iiif/images/obj110/full/250,/0/default.jpg","/img/derivatives/iiif/images/obj110/full/1140,/0/default.jpg",/img/derivatives/iiif/obj110/manifest.json
obj111,Untitled,A spider crawls behind a shooting target upon a background of sheet music.,c. 2013 - 2017,Collage,Animals,7 1/4 x 12,17 x 18,,,,,,,,015,boghosian_item,boghosian,"/img/derivatives/iiif/images/obj111/full/250,/0/default.jpg","/img/derivatives/iiif/images/obj111/full/1140,/0/default.jpg",/img/derivatives/iiif/obj111/manifest.json
obj112,Untitled,A whale balances a blue ball on its nose.,Unknown,Collage,Animals,23 x 20 3/4,23 x 20 3/4,,,,,,,,016,boghosian_item,boghosian,"/img/derivatives/iiif/images/obj112/full/250,/0/default.jpg","/img/derivatives/iiif/images/obj112/full/1140,/0/default.jpg",/img/derivatives/iiif/obj112/manifest.json
obj113,The Bride,The rear of a mans head shields the face of a bride.,Unknown,Collage,Brides,9 1/2 x 7 3/4,20 3/4 x 17,,,,,,,,017,boghosian_item,boghosian,"/img/derivatives/iiif/images/obj113/full/250,/0/default.jpg","/img/derivatives/iiif/images/obj113/full/1140,/0/default.jpg",/img/derivatives/iiif/obj113/manifest.json
obj114,Untitled,A bride stands next to hand written note.,Unknown,Collage,Brides,9 x 7,16 3/4 x 14,,,,,,,,018,boghosian_item,boghosian,"/img/derivatives/iiif/images/obj114/full/250,/0/default.jpg","/img/derivatives/iiif/images/obj114/full/1140,/0/default.jpg",/img/derivatives/iiif/obj114/manifest.json
obj115,Untitled,A bride stands with a disk behind her.,c. 2000,Collage,Brides,7 x 5 3/4,19 1/4 x 16 1/2,,,,,,,,019,boghosian_item,boghosian,"/img/derivatives/iiif/images/obj115/full/250,/0/default.jpg","/img/derivatives/iiif/images/obj115/full/1140,/0/default.jpg",/img/derivatives/iiif/obj115/manifest.json
obj116,The Bride Dances,A faceless bride curtseys above a bouquet above roses.,Unknown,Collage,Brides,9 3/4 x 7 1/4,20 x 17 1/2,Lori Bookstein,,,,,,,020,boghosian_item,boghosian,"/img/derivatives/iiif/images/obj116/full/250,/0/default.jpg","/img/derivatives/iiif/images/obj116/full/1140,/0/default.jpg",/img/derivatives/iiif/obj116/manifest.json
obj117,Father of Our Country,George Washington rides a white horse whose rear is represented by a two dollar bill.,2010,Collage,Currency,13 1/4 x 10 1/4,22 1/2 x 19 1/2,Lori Bookstein Fine Art,LBFA-4645,,Kent Fine Art,Master Bricoleur,Cape Cod Museum of Art,,021,boghosian_item,boghosian,"/img/derivatives/iiif/images/obj117_obj117_0/full/250,/0/default.jpg","/img/derivatives/iiif/images/obj117_obj117_0/full/1140,/0/default.jpg",/img/derivatives/iiif/obj117/manifest.json
obj118,Five Dollars,Five Dollar bill from the Trans-Allegheny Bank of Virginia extends from a drawn frame.,2009,Collage,Currency,8 1/2 x 11,16 x 18 3/4 x 1 1/4,,,,,,,,022,boghosian_item,boghosian,"/img/derivatives/iiif/images/obj118/full/250,/0/default.jpg","/img/derivatives/iiif/images/obj118/full/1140,/0/default.jpg",/img/derivatives/iiif/obj118/manifest.json
obj119,The Eagle,"A eagle perched on a shield with banner in beak above a five dollar bill, embedded within a book cover.",2007,Collage,Currency,10 1/2 x 8 1/4,17 3/4 x 15 1/4,Alexandre Gallery,VB 07.01,,,,,,023,boghosian_item,boghosian,"/img/derivatives/iiif/images/obj119/full/250,/0/default.jpg","/img/derivatives/iiif/images/obj119/full/1140,/0/default.jpg",/img/derivatives/iiif/obj119/manifest.json
obj12,Maquette for Vespers,"The worker from Louis Emile Adan's End of Day, 1886 appears to walk into the ocean horizon.",2006,Collage,Allusion to Artist,7 3/4 x 11,18 3/4 21,Alexander Gallery,VB 06.02,,,,,,024,boghosian_item,boghosian,"/img/derivatives/iiif/images/obj12/full/250,/0/default.jpg","/img/derivatives/iiif/images/obj12/full/1140,/0/default.jpg",/img/derivatives/iiif/obj12/manifest.json
obj120,Currency,"A moon rises above a two dollar bill, embedded within a marbled endpaper of a book cover.",c. 2006,Collage,Currency,6 x 9 1/2,14 3/4 x 17 1/8,Lori Bookstein Fine Art,LBFA-5803,,Alexandre Gallery,VB 06.01,,,025,boghosian_item,boghosian,"/img/derivatives/iiif/images/obj120/full/250,/0/default.jpg","/img/derivatives/iiif/images/obj120/full/1140,/0/default.jpg",/img/derivatives/iiif/obj120/manifest.json
obj121,Currency (Nest Egg),A bird nests above a sum of numbers and a fifty cent bill on the backdrop of a book cover.,c. 2006,Collage,Currency,6 x 9 1/2,18 x 15 1/2,Lori Bookstein Fine Art,LBFA-5804,,,,,,026,boghosian_item,boghosian,"/img/derivatives/iiif/images/obj121/full/250,/0/default.jpg","/img/derivatives/iiif/images/obj121/full/1140,/0/default.jpg",/img/derivatives/iiif/obj121/manifest.json
obj122,X,"An X covers the center of a ten dollar bill issued by Planters Bank of Fairfield from Winnsboro, SC.",2009,Collage,Currency,3 3/8 x 7 3/8,17 3/8 x 21 3/8,,,,,,,,027,boghosian_item,boghosian,"/img/derivatives/iiif/images/obj122/full/250,/0/default.jpg","/img/derivatives/iiif/images/obj122/full/1140,/0/default.jpg",/img/derivatives/iiif/obj122/manifest.json
obj123,25,A jigsaw puzzle piece atop a twenty five cent bill issued by the Bank of Fayetteville atop an overturned letter.,2009,Collage,Currency,8 1/2 x 13,14 1/4 x 18 1/4,,,,,,,,028,boghosian_item,boghosian,"/img/derivatives/iiif/images/obj123/full/250,/0/default.jpg","/img/derivatives/iiif/images/obj123/full/1140,/0/default.jpg",/img/derivatives/iiif/obj123/manifest.json
obj124,Trio,Three twenty-five cent fractional currency notes atop the marbled endpaper of a book cover.,2009,Collage,Currency,13 1/2 x 16,,Alexander Gallery,VB 09.03,,,,,,029,boghosian_item,boghosian,"/img/derivatives/iiif/images/obj124/full/250,/0/default.jpg","/img/derivatives/iiif/images/obj124/full/1140,/0/default.jpg",/img/derivatives/iiif/obj124/manifest.json
obj125,The Gambler,"The note, 'Only 4 hours more of play!' on a torn postcard from Monte-Carlo which advertises a roulette wheel and numbers table.",2013,Collage,Currency,3 1/2 x 5 1/2,17 x 21,Lori Bookstein Fine Art,LBFA#VB-6222,,,,,,030,boghosian_item,boghosian,"/img/derivatives/iiif/images/obj125/full/250,/0/default.jpg","/img/derivatives/iiif/images/obj125/full/1140,/0/default.jpg",/img/derivatives/iiif/obj125/manifest.json
obj126,Orpheus and Eurydice,A pair of heats intertwined by the thread which binds the spine of an opened book.,1987,Collage,Hearts,14 x 17 1/2,,,,,,,,,031,boghosian_item,boghosian,"/img/derivatives/iiif/images/obj126/full/250,/0/default.jpg","/img/derivatives/iiif/images/obj126/full/1140,/0/default.jpg",/img/derivatives/iiif/obj126/manifest.json
obj127,Untitled,An eye peers out from within a heart.,2013,Collage,Hearts,5 1/2 x 7,17 1/4 x 21,Lori Bookstein Fine Art,LBFA#VB-6236,,,,,,032,boghosian_item,boghosian,"/img/derivatives/iiif/images/obj127/full/250,/0/default.jpg","/img/derivatives/iiif/images/obj127/full/1140,/0/default.jpg",/img/derivatives/iiif/obj127/manifest.json
obj128,Untitled,A figure with a heart representing it's head stands at the center of a floor plan of the Salle de Spectacle.,Unknown,College,Hearts,14 x 9,21 3/4 x 16 3/4,,,,,,,,033,boghosian_item,boghosian,"/img/derivatives/iiif/images/obj128/full/250,/0/default.jpg","/img/derivatives/iiif/images/obj128/full/1140,/0/default.jpg",/img/derivatives/iiif/obj128/manifest.json
obj129,Untitled,The shape of a tearing heart forms at the top of opened book pages. Cut outs may represent eyebrows creating the shape of a human face out of the hearts.,1987,Collage,Hearts,9 x 8,20 3/4 x 16 3/4,Cordier & Ekstrom,CE # 133,,,,,,034,boghosian_item,boghosian,"/img/derivatives/iiif/images/obj129/full/250,/0/default.jpg","/img/derivatives/iiif/images/obj129/full/1140,/0/default.jpg",/img/derivatives/iiif/obj129/manifest.json
obj13,End of Day,"The top half of the Louis Emile Adan's End of Day, 1886 painting above an inverted image of a traveler walking down country road towards town.",2006,Collage,Allusion to Artist,16 x 19 1/2,21 x 24 1/2,,,,,,,,035,boghosian_item,boghosian,"/img/derivatives/iiif/images/obj13/full/250,/0/default.jpg","/img/derivatives/iiif/images/obj13/full/1140,/0/default.jpg",/img/derivatives/iiif/obj13/manifest.json
obj130,Untitled,A woman lies on the floor slain within a house. A bloodied pocketknife is half opened outside the house.,Unknown,Collage,House,7 1/4 x 9 3/4,16 1/8 x 18 1/2,,,,,,,,036,boghosian_item,boghosian,"/img/derivatives/iiif/images/obj130/full/250,/0/default.jpg","/img/derivatives/iiif/images/obj130/full/1140,/0/default.jpg",/img/derivatives/iiif/obj130/manifest.json
obj131,Untitled,A woman gazes downward in the direction of a house.,Unknown,Collage,House,15 3/4 x 16 1/4,20 1/2 x 21 1/4,,,,,,,,037,boghosian_item,boghosian,"/img/derivatives/iiif/images/obj131/full/250,/0/default.jpg","/img/derivatives/iiif/images/obj131/full/1140,/0/default.jpg",/img/derivatives/iiif/obj131/manifest.json
obj132,Fall of Icarus (Night),"A bird descends through the front door of a home, out of which, birds' eyes peer through the windows.",2010,Collage,House,8 1/2 x 10 1/4,17 3/4 x 19 1/2,Lori Bookstein,LBFA-4521,,Berta Walker,,Cape Cod Museum of Art,,038,boghosian_item,boghosian,"/img/derivatives/iiif/images/obj132/full/250,/0/default.jpg","/img/derivatives/iiif/images/obj132/full/1140,/0/default.jpg",/img/derivatives/iiif/obj132/manifest.json
obj133,Through the Door,A boat and maritime setting appear through the doors and window of a house.,2010,Collage,House,8 1/2 x 10 1/4,17 3/4 x 19 1/2,Lori Bookstein,LBFA-4520,,,,,,039,boghosian_item,boghosian,"/img/derivatives/iiif/images/obj133/full/250,/0/default.jpg","/img/derivatives/iiif/images/obj133/full/1140,/0/default.jpg",/img/derivatives/iiif/obj133/manifest.json
obj134,TU,"The letters 'TU' at the center of a diagram of ladies' and children's dress patters found in the Supplement to Harper's Bazaar, 1877.",2013,Collage,"Letters, words, writing",20 1/2 x 30,26 x 35 3/8,Lori Bookstein Fine Art,LBFA#VB-6225,,,,,,040,boghosian_item,boghosian,"/img/derivatives/iiif/images/obj134/full/250,/0/default.jpg","/img/derivatives/iiif/images/obj134/full/1140,/0/default.jpg",/img/derivatives/iiif/obj134/manifest.json
obj135,Stein Song,The letter 'A' surrounded by roses.,Unknown,Collage,"Letters, words, writing",20 x 15,26 7/8 x 18 7/8,Lori Bookstein Fine Art,,,,,,,041,boghosian_item,boghosian,"/img/derivatives/iiif/images/obj135/full/250,/0/default.jpg","/img/derivatives/iiif/images/obj135/full/1140,/0/default.jpg",/img/derivatives/iiif/obj135/manifest.json
obj136,Untitled,A cyclist rides towards New Haven.,Unknown,Collage,"Letters, words, writing",30 3/4 x 24 1/8,31 1/2 x 24 5/8,,,,,,,,042,boghosian_item,boghosian,"/img/derivatives/iiif/images/obj136/full/250,/0/default.jpg","/img/derivatives/iiif/images/obj136/full/1140,/0/default.jpg",/img/derivatives/iiif/obj136/manifest.json
obj137,Untitled,A crocodile extends out from the building it occupies.,2010,Collage,"Letters, words, writing",19 1/2 x 24,17 x 21,Lori Bookstein Fine Art,LBFA-5796,"$3,500 ",Big Town Gallery,,,,043,boghosian_item,boghosian,"/img/derivatives/iiif/images/obj137/full/250,/0/default.jpg","/img/derivatives/iiif/images/obj137/full/1140,/0/default.jpg",/img/derivatives/iiif/obj137/manifest.json
obj138,Untitled,A man hangs from a rope extending from an alphabet.,Unknown,Collage,"Letters, words, writing",9 1/2 x 7 3/4,21 5/16 x 17 3/8,,,,,,,,044,boghosian_item,boghosian,"/img/derivatives/iiif/images/obj138/full/250,/0/default.jpg","/img/derivatives/iiif/images/obj138/full/1140,/0/default.jpg",/img/derivatives/iiif/obj138/manifest.json
obj139,A Box for Amy,A box of cigars hovers above the inverted selection of text printed by C.G. Roder.,1996 - 1997,Collage,"Letters, words, writing",13 1/2 x 10 1/2,20 1/2 x 16 5/8,Berry-Hill,,,,,,,045,boghosian_item,boghosian,"/img/derivatives/iiif/images/obj139/full/250,/0/default.jpg","/img/derivatives/iiif/images/obj139/full/1140,/0/default.jpg",/img/derivatives/iiif/obj139/manifest.json
obj14,Homage to Louise Bogan,A tile of the letter Y on a wood panel with Louise Bogan's poem The Daemon carved into the wood.,2015,Assemblage,Allusion to Artist,25 1/4 x 20 3/4 x 2,25 1/4 x 20 3/4 x 2,Kent Gallery,,,Berta Walker Gallery,18016,,,046,boghosian_item,boghosian,"/img/derivatives/iiif/images/obj14/full/250,/0/default.jpg","/img/derivatives/iiif/images/obj14/full/1140,/0/default.jpg",/img/derivatives/iiif/obj14/manifest.json
obj140,Untitled,"A child's note dated March 3, 1909 about Native Americans above the image an indigenous warrior shooting from a galloping horse.",Unknown,Collage,"Letters, words, writing",8 1/2 x 7 3/4,20 7/8 x 16 7/8,,,,,,,,047,boghosian_item,boghosian,"/img/derivatives/iiif/images/obj140_obj140_0/full/250,/0/default.jpg","/img/derivatives/iiif/images/obj140_obj140_0/full/1140,/0/default.jpg",/img/derivatives/iiif/obj140/manifest.json
obj141,Untitled,A flower grows out a woven basket on its side from behind which a wing extends. Printed on a backdrop of a work order from Varujan Boghosian.,Unknown,Collage,"Letters, words, writing",10 3/4 x 8 1/2,19 x 16 1/2,,,,,,,,048,boghosian_item,boghosian,"/img/derivatives/iiif/images/obj141/full/250,/0/default.jpg","/img/derivatives/iiif/images/obj141/full/1140,/0/default.jpg",/img/derivatives/iiif/obj141/manifest.json
obj142,The Sicilian,A top hat and shoe appear next to the words of a letter written in Italian with a postmark from Sicily.,2002,Collage,"Letters, words, writing",16 3/4 x 20 3/4,9 3/4 x 14,,,,,,,,049,boghosian_item,boghosian,"/img/derivatives/iiif/images/obj142/full/250,/0/default.jpg","/img/derivatives/iiif/images/obj142/full/1140,/0/default.jpg",/img/derivatives/iiif/obj142/manifest.json
obj143,Untitled,A letter written in Italian regarding the possible unification of Italian states dated 1842.,c. 1980,Collage,"Letters, words, writing",10 1/4 x 16 1/2,16 1/2 x 23 3/8,,,,,,,,050,boghosian_item,boghosian,"/img/derivatives/iiif/images/obj143/full/250,/0/default.jpg","/img/derivatives/iiif/images/obj143/full/1140,/0/default.jpg",/img/derivatives/iiif/obj143/manifest.json
obj144,Amsterdam,A letter half removed from an envelope addressed to a resident of Amsterdam.,2012,Collage,"Letters, words, writing",6 x 6 1/2,15 5/8 x 16 1/4,,,,,,,,051,boghosian_item,boghosian,"/img/derivatives/iiif/images/obj144/full/250,/0/default.jpg","/img/derivatives/iiif/images/obj144/full/1140,/0/default.jpg",/img/derivatives/iiif/obj144/manifest.json
obj145,Untitled,An itemized list of loads of wood dated November 1851 forms the backdrop of six sticks labeled as such.,Unknown,Collage,"Letters, words, writing",6 3/4 x 8 1/4,15 3/8 x 17,,,,,,,,052,boghosian_item,boghosian,"/img/derivatives/iiif/images/obj145/full/250,/0/default.jpg","/img/derivatives/iiif/images/obj145/full/1140,/0/default.jpg",/img/derivatives/iiif/obj145/manifest.json
obj146,Untitled,A figure riding a horse emerges between the lines of letter written in Italian.,Unknown,Collage,"Letters, words, writing",11 1/4 x 8 1/4,17 1/2 x 14 1/4,,,,,,,,053,boghosian_item,boghosian,"/img/derivatives/iiif/images/obj146/full/250,/0/default.jpg","/img/derivatives/iiif/images/obj146/full/1140,/0/default.jpg",/img/derivatives/iiif/obj146/manifest.json
obj147,Untitled,"A dog gazes upon an October 23, 1918 note that reads 'The days are Dark the years are long' on the inside cover a book.",Unknown,Collage,"Letters, words, writing",7 3/4 x 5 1/8,14 7/8 x 11 3/4,,,,,,,,054,boghosian_item,boghosian,"/img/derivatives/iiif/images/obj147/full/250,/0/default.jpg","/img/derivatives/iiif/images/obj147/full/1140,/0/default.jpg",/img/derivatives/iiif/obj147/manifest.json
obj148,Untitled,The inside of a book cover reveals the words 'I can see' above the numbers '1 2 3 4.',Unknown,Collage,"Letters, words, writing",7 1/2 x 4 1/4,15 7/8 x 12 3/4,,,,,,,,055,boghosian_item,boghosian,"/img/derivatives/iiif/images/obj148/full/250,/0/default.jpg","/img/derivatives/iiif/images/obj148/full/1140,/0/default.jpg",/img/derivatives/iiif/obj148/manifest.json
obj149,Untitled,The silhouette of a horse and rider upon a landscape of letters with castle.,1982,Collage,"Letters, words, writing",17 x 22 3/4,23 3/4 x 29 1/2,Cordier & Ekstrom,CE110,,,,,,056,boghosian_item,boghosian,"/img/derivatives/iiif/images/obj149/full/250,/0/default.jpg","/img/derivatives/iiif/images/obj149/full/1140,/0/default.jpg",/img/derivatives/iiif/obj149/manifest.json
obj15,Untitled,"The letters make up the words 'Hello Bonard' above a doll lying in a bathtub. A reference to Pierre Bonnard's The Bath, 1925.",Unknown,Collage,Allusion to Artist,11 1/2 x 8,20 x 16,,,,,,,,057,boghosian_item,boghosian,"/img/derivatives/iiif/images/obj15/full/250,/0/default.jpg","/img/derivatives/iiif/images/obj15/full/1140,/0/default.jpg",/img/derivatives/iiif/obj15/manifest.json
obj150,Fragment,Fragments of currency notes and shipping invoices are nailed and adhered to wood backing.,2009,Assemblage,"Letters, words, writing",15 1/2 x 22 1/2,,,,,,,,,058,boghosian_item,boghosian,"/img/derivatives/iiif/images/obj150/full/250,/0/default.jpg","/img/derivatives/iiif/images/obj150/full/1140,/0/default.jpg",/img/derivatives/iiif/obj150/manifest.json
obj151,R,A butterfly flies towards the letter 'R.',2009,Assemblage,"Letters, words, writing",13 1/2 x 15 1/2,,Lori Bookstein,LBFA-3008,,,,,,059,boghosian_item,boghosian,"/img/derivatives/iiif/images/obj151/full/250,/0/default.jpg","/img/derivatives/iiif/images/obj151/full/1140,/0/default.jpg",/img/derivatives/iiif/obj151/manifest.json
obj152,Untitled,A man peers downward holding the letter 'X.',Unknown,Assemblage,"Letters, words, writing",11 5/8 x 15 5/8,,,,,,,,,060,boghosian_item,boghosian,"/img/derivatives/iiif/images/obj152/full/250,/0/default.jpg","/img/derivatives/iiif/images/obj152/full/1140,/0/default.jpg",/img/derivatives/iiif/obj152/manifest.json
obj153,Alms,An open hand presents the letters 'P A L M S.',2009,Assemblage,"Letters, words, writing",12 1/2 x 14 1/2,,Lori Bookstein,LBFA 3206,,,,,,061,boghosian_item,boghosian,"/img/derivatives/iiif/images/obj153/full/250,/0/default.jpg","/img/derivatives/iiif/images/obj153/full/1140,/0/default.jpg",/img/derivatives/iiif/obj153/manifest.json
obj154,Untitled,Five fish swim towards loaf of bread within a basket.,Unknown,Collage,Bread,12 3/8 x 21 1/4,19 1/4 x 28 3/8,,,,,,,,062,boghosian_item,boghosian,"/img/derivatives/iiif/images/obj154/full/250,/0/default.jpg","/img/derivatives/iiif/images/obj154/full/1140,/0/default.jpg",/img/derivatives/iiif/obj154/manifest.json
obj155,Untitled,A basket of sliced bread floats upon the horizon of the ocean at night.,Unknown,Collage,Bread,6 1/8 x 4 5/8,22 1/8 x 18 1/8,,,,,,,,063,boghosian_item,boghosian,"/img/derivatives/iiif/images/obj155/full/250,/0/default.jpg","/img/derivatives/iiif/images/obj155/full/1140,/0/default.jpg",/img/derivatives/iiif/obj155/manifest.json
obj156,Untitled,A bread basket in the foreground of an image with covered wagon headed towards town.,Unknown,Collage,Bread,6 3/4 x 4 3/4,22 1/2 x 18 1/2,,,,,,,,064,boghosian_item,boghosian,"/img/derivatives/iiif/images/obj156/full/250,/0/default.jpg","/img/derivatives/iiif/images/obj156/full/1140,/0/default.jpg",/img/derivatives/iiif/obj156/manifest.json
obj157,The Offering,A man's head served inside of a bread basket.,2018,Collage,Bread,11 1/2 x 10,22 x 22,Berta Walker Gallery,19706,"$3,500 ",,,,,065,boghosian_item,boghosian,"/img/derivatives/iiif/images/obj157_obj157_0/full/250,/0/default.jpg","/img/derivatives/iiif/images/obj157_obj157_0/full/1140,/0/default.jpg",/img/derivatives/iiif/obj157/manifest.json
obj158,Untitled,A man's head served inside of a bread basket atop white cloth.,Unknown,Collage,Bread,8 1/4 x 7 3/4,17 1/2 x 17 1/2,,,,,,,,066,boghosian_item,boghosian,"/img/derivatives/iiif/images/obj158_obj158_0/full/250,/0/default.jpg","/img/derivatives/iiif/images/obj158_obj158_0/full/1140,/0/default.jpg",/img/derivatives/iiif/obj158/manifest.json
obj159,Untitled,A basket containing a loaf of bread sits upon a figure's shoulders replacing its head.,Unknown,Collage,Bread,10 1/2 x 7 3/4,20 3/4 x 16 3/4,,,,,,,,067,boghosian_item,boghosian,"/img/derivatives/iiif/images/obj159/full/250,/0/default.jpg","/img/derivatives/iiif/images/obj159/full/1140,/0/default.jpg",/img/derivatives/iiif/obj159/manifest.json
obj16,Within the Mountain Cezanne,"An artist's palette contained by a colorless image of Paul Cezanne's Mont Sainte Victoire, 1904-1906.",2016,Collage,Allusion to Artist,8 x 10,17 x 21,Berta Walker,19702,,,,,,068,boghosian_item,boghosian,"/img/derivatives/iiif/images/obj16/full/250,/0/default.jpg","/img/derivatives/iiif/images/obj16/full/1140,/0/default.jpg",/img/derivatives/iiif/obj16/manifest.json
obj160,Untitled,An abandoned vehicle parked in front of a bread basket resting upon a hill.,Unknown,Collage,Bread,5 3/4 x 7,21 x 17,,,,,,,,069,boghosian_item,boghosian,"/img/derivatives/iiif/images/obj160/full/250,/0/default.jpg","/img/derivatives/iiif/images/obj160/full/1140,/0/default.jpg",/img/derivatives/iiif/obj160/manifest.json
obj161,Untitled,The inverted image of two figures embracing above a bread basket.,Unknown,Collage,Bread,8 1/4 x 5,21 1/4 x 17 1/4,,,,,,,,070,boghosian_item,boghosian,"/img/derivatives/iiif/images/obj161/full/250,/0/default.jpg","/img/derivatives/iiif/images/obj161/full/1140,/0/default.jpg",/img/derivatives/iiif/obj161/manifest.json
obj162,Untitled,A fish behind a bread basket upon a table.,Unknown,Collage,Bread,4 1/2 x 5,18 1/2 x 22 5/8,,,,,,,,071,boghosian_item,boghosian,"/img/derivatives/iiif/images/obj162/full/250,/0/default.jpg","/img/derivatives/iiif/images/obj162/full/1140,/0/default.jpg",/img/derivatives/iiif/obj162/manifest.json
obj163,Untitled,"A fish, in color, within a black white basket of sliced bread.",Unknown,Collage,Bread,7 1/2 x 7 1/2,18 1/2 x 22 1/2,,,,,,,,072,boghosian_item,boghosian,"/img/derivatives/iiif/images/obj163/full/250,/0/default.jpg","/img/derivatives/iiif/images/obj163/full/1140,/0/default.jpg",/img/derivatives/iiif/obj163/manifest.json
obj164,The Magic Mountain,A sailing ship in three parts sails a sea of black water. A mountain extends from the horizon.,2010,Collage,Bread,19 3/4 x 24,12 1/2 x 17,Berta Walker Gallery,,,,,,,073,boghosian_item,boghosian,"/img/derivatives/iiif/images/obj164/full/250,/0/default.jpg","/img/derivatives/iiif/images/obj164/full/1140,/0/default.jpg",/img/derivatives/iiif/obj164/manifest.json
obj165,Untitled,A ship sails behind a tidal pool with crustaceans. A sky made up of flowers makes up the background.,Unknown,Collage,Maritime,13 x 14,22 x 23,,,,,,,,074,boghosian_item,boghosian,"/img/derivatives/iiif/images/obj165/full/250,/0/default.jpg","/img/derivatives/iiif/images/obj165/full/1140,/0/default.jpg",/img/derivatives/iiif/obj165/manifest.json
obj166,Untitled,A right hand extends out from the sky towards a mountain beneath of which sails a boat.,Unknown,Collage,Maritime,4 3/4 x 6,17 1/4 x 21 1/4,,,,,,,,075,boghosian_item,boghosian,"/img/derivatives/iiif/images/obj166/full/250,/0/default.jpg","/img/derivatives/iiif/images/obj166/full/1140,/0/default.jpg",/img/derivatives/iiif/obj166/manifest.json
obj167,Untitled,A tea set behind which a crew works the rigging of a ship at sea.,Unknown,Collage,Maritime,6 3/8 x 9,15 1/8 x 16 7/8,,,,,,,,076,boghosian_item,boghosian,"/img/derivatives/iiif/images/obj167/full/250,/0/default.jpg","/img/derivatives/iiif/images/obj167/full/1140,/0/default.jpg",/img/derivatives/iiif/obj167/manifest.json
obj168,Untitled,More information on the piece to come later.,,,,,,,,,,,,,077,boghosian_item,boghosian,"/img/derivatives/iiif/images/obj168/full/250,/0/default.jpg","/img/derivatives/iiif/images/obj168/full/1140,/0/default.jpg",/img/derivatives/iiif/obj168/manifest.json
obj169,Untitled,More information on the piece to come later.,,,,,,,,,,,,,078,boghosian_item,boghosian,"/img/derivatives/iiif/images/obj169/full/250,/0/default.jpg","/img/derivatives/iiif/images/obj169/full/1140,/0/default.jpg",/img/derivatives/iiif/obj169/manifest.json
obj17,Looking at the Ox Bow (Thomas Cole),An easel is suspended within a Hudson River School style painting.,2013,Collage,Allusion to Artist,5 1/2 x 8 1/2,16 3/4 x 20 3/4,Berta Walker,,,,,,,079,boghosian_item,boghosian,"/img/derivatives/iiif/images/obj17/full/250,/0/default.jpg","/img/derivatives/iiif/images/obj17/full/1140,/0/default.jpg",/img/derivatives/iiif/obj17/manifest.json
obj170,End of the Line,A briefcase emerges from behind a horizontal line.,2001,Collage,Miscellaneous,18 x 13 3/4,25 3/8 x 20 5/8,,,"$6,000 ",,,,,080,boghosian_item,boghosian,"/img/derivatives/iiif/images/obj170/full/250,/0/default.jpg","/img/derivatives/iiif/images/obj170/full/1140,/0/default.jpg",/img/derivatives/iiif/obj170/manifest.json
obj171,Untitled,A turned over bag of marbles spills out upon a flowerbed.,Unknown,Collage,Miscellaneous,13 1/2 x 18 3/8,21 1/8 x 25 1/8,,,,,,,,081,boghosian_item,boghosian,"/img/derivatives/iiif/images/obj171/full/250,/0/default.jpg","/img/derivatives/iiif/images/obj171/full/1140,/0/default.jpg",/img/derivatives/iiif/obj171/manifest.json
obj172,Untitled,An umbrella carried by the wind.,Unknown,Collage,Miscellaneous,10 3/4 x 14 1/8,17 1/4 x 21 1/4,,,,,,,,082,boghosian_item,boghosian,"/img/derivatives/iiif/images/obj172/full/250,/0/default.jpg","/img/derivatives/iiif/images/obj172/full/1140,/0/default.jpg",/img/derivatives/iiif/obj172/manifest.json
obj173,Untitled,Soldiers fire a cannon behind a metallic foreground.,Unknown,Daguerreotype,Miscellaneous,6 3/8 x 4 1/2,17 x 15,,,,,,,,083,boghosian_item,boghosian,"/img/derivatives/iiif/images/obj173/full/250,/0/default.jpg","/img/derivatives/iiif/images/obj173/full/1140,/0/default.jpg",/img/derivatives/iiif/obj173/manifest.json
obj174,Untitled,An eye peers through a metallic foreground.,Unknown,Daguerreotype,Miscellaneous,8 x 6,20 1/2 x 15 5/8,,,,,,,,084,boghosian_item,boghosian,"/img/derivatives/iiif/images/obj174_obj174_0/full/250,/0/default.jpg","/img/derivatives/iiif/images/obj174_obj174_0/full/1140,/0/default.jpg",/img/derivatives/iiif/obj174/manifest.json
obj175,Untitled,A chalice centered upon book cover.,Unknown,Collage,Miscellaneous,11 1/4 x 8 3/4,17 x 14 1/2,,,,,,,,085,boghosian_item,boghosian,"/img/derivatives/iiif/images/obj175/full/250,/0/default.jpg","/img/derivatives/iiif/images/obj175/full/1140,/0/default.jpg",/img/derivatives/iiif/obj175/manifest.json
obj176,Untitled,A jackknife unfolded attached to tile backdrop.,Unknown,Assemblage,Miscellaneous,13 3/8 x 13 3/8,,,,,,,,,086,boghosian_item,boghosian,"/img/derivatives/iiif/images/obj176/full/250,/0/default.jpg","/img/derivatives/iiif/images/obj176/full/1140,/0/default.jpg",/img/derivatives/iiif/obj176/manifest.json
obj177,Untitled,A target struck by a throwing dart.,Unknown,Assemblage,Miscellaneous,13 3/4 x 11 5/8,,,,,,,,,087,boghosian_item,boghosian,"/img/derivatives/iiif/images/obj177/full/250,/0/default.jpg","/img/derivatives/iiif/images/obj177/full/1140,/0/default.jpg",/img/derivatives/iiif/obj177/manifest.json
obj178,Smoking,A stain on the wooden backdrop appears as smoke rising from the tip of the cigar.,1989-1990,Assemblage,Miscellaneous,17 x 10 3/4 x 1 1/2,,Berry Hill,VB 054,,Lori Bookstein,LBFA-4524,Alexandre Gallery,VB 90.02,088,boghosian_item,boghosian,"/img/derivatives/iiif/images/obj178/full/250,/0/default.jpg","/img/derivatives/iiif/images/obj178/full/1140,/0/default.jpg",/img/derivatives/iiif/obj178/manifest.json
obj179,The Rock,An image of a riverside setting extends from its frame beneath a note in pencil upon a book cover.,2006,Collage,Nature,15 1/2 x 11 5/8,22 1/4 x 17 1/4,Unknown,11612,"$2,000 ",,,,,089,boghosian_item,boghosian,"/img/derivatives/iiif/images/obj179/full/250,/0/default.jpg","/img/derivatives/iiif/images/obj179/full/1140,/0/default.jpg",/img/derivatives/iiif/obj179/manifest.json
obj18,Untitled,"A line drawing of an artist painting within a liminal and surreal landscape. Possible allusion to Salvador Dali's Enigmatic Elements In A Landscape, 1934.",Unknown,Collage,Allusion to Artist,3 x 5 1/2,20 7/8 x 17,,,,,,,,090,boghosian_item,boghosian,"/img/derivatives/iiif/images/obj18/full/250,/0/default.jpg","/img/derivatives/iiif/images/obj18/full/1140,/0/default.jpg",/img/derivatives/iiif/obj18/manifest.json
obj180,Untitled,A pair of scissors cuts a drawing of a plant out from its paper backdrop.,Unknown,Collage,Nature,15 3/4 x 11 3/4,21 x 17,,,,,,,,091,boghosian_item,boghosian,"/img/derivatives/iiif/images/obj180/full/250,/0/default.jpg","/img/derivatives/iiif/images/obj180/full/1140,/0/default.jpg",/img/derivatives/iiif/obj180/manifest.json
obj181,Untitled,A star rises next to a tree stump with broken and disjointed branches.,Unknown,Assemblage,Nature,6 1/2 x 5 3/4,20 5/8 x 16 3/4,,,,,,,,092,boghosian_item,boghosian,"/img/derivatives/iiif/images/obj181/full/250,/0/default.jpg","/img/derivatives/iiif/images/obj181/full/1140,/0/default.jpg",/img/derivatives/iiif/obj181/manifest.json
obj182,Untitled,Two leaves mirror one another upon sheet music.,Unknown,Collage,Nature,17 1/2 x 22 1/4,22 3/4 x 27,Lori Bookstein Fine Art,LBFA#VB-2628,,,,,,093,boghosian_item,boghosian,"/img/derivatives/iiif/images/obj182/full/250,/0/default.jpg","/img/derivatives/iiif/images/obj182/full/1140,/0/default.jpg",/img/derivatives/iiif/obj182/manifest.json
obj183,Untitled,A blue iris alongside red roses.,Unknown,Collage,Nature,11 1/2 x 15 3/4,18 3/4 x 22 3/4,,,,,,,,094,boghosian_item,boghosian,"/img/derivatives/iiif/images/obj183/full/250,/0/default.jpg","/img/derivatives/iiif/images/obj183/full/1140,/0/default.jpg",/img/derivatives/iiif/obj183/manifest.json
obj184,Charon,The profile of a man's face in blue extends from a series of disks.,1979,Collage,Portraits,30 1/2 x 21 3/4,32 1/2 x 24 1/2,,,,,,,,095,boghosian_item,boghosian,"/img/derivatives/iiif/images/obj184/full/250,/0/default.jpg","/img/derivatives/iiif/images/obj184/full/1140,/0/default.jpg",/img/derivatives/iiif/obj184/manifest.json
obj185,Untitled,Circles and the shapes of birds and foliage are released from the profile of a figures face and torso.,Unknown,Drawing,Portraits,19 1/2 x 15 7/9,26 3/4 x 22 5/8,,,,,,,,096,boghosian_item,boghosian,"/img/derivatives/iiif/images/obj185/full/250,/0/default.jpg","/img/derivatives/iiif/images/obj185/full/1140,/0/default.jpg",/img/derivatives/iiif/obj185/manifest.json
obj186,Untitled,A man's face in profile.,Unknown,Collage,Portraits,8 3/4 x 6,20 7/8 x 16 7/8,,,,,,,,097,boghosian_item,boghosian,"/img/derivatives/iiif/images/obj186/full/250,/0/default.jpg","/img/derivatives/iiif/images/obj186/full/1140,/0/default.jpg",/img/derivatives/iiif/obj186/manifest.json
obj187,Untitled,A figure kicks a red ball.,Unknown,Drawing,Portraits,30 x 20 1/4,31 1/2 x 23 3/4,,,,,,,,098,boghosian_item,boghosian,"/img/derivatives/iiif/images/obj187/full/250,/0/default.jpg","/img/derivatives/iiif/images/obj187/full/1140,/0/default.jpg",/img/derivatives/iiif/obj187/manifest.json
obj188,Untitled,A disembodied face laughs.,Unknown,Collage,Portraits,7 1/2 x 6 3/4,,,,,,,,,099,boghosian_item,boghosian,"/img/derivatives/iiif/images/obj188/full/250,/0/default.jpg","/img/derivatives/iiif/images/obj188/full/1140,/0/default.jpg",/img/derivatives/iiif/obj188/manifest.json
obj189,Untitled,A man walks away from a woman standing next to a home.,Unknown,Collage,Portraits,6 x 8 1/4,16 3/4 x 20 3/4,,,,,,,,100,boghosian_item,boghosian,"/img/derivatives/iiif/images/obj189/full/250,/0/default.jpg","/img/derivatives/iiif/images/obj189/full/1140,/0/default.jpg",/img/derivatives/iiif/obj189/manifest.json
obj19,Untitled,"The open legs of Salvador Dali's Le Spectre des Sex Appeal, 1932 are concealed by a basket of flowers.",Unknown,Collage,Allusion to Artist,10 1/4 x 8 1/4,21 1/8 x 17 1/4,,,,,,,,101,boghosian_item,boghosian,"/img/derivatives/iiif/images/obj19/full/250,/0/default.jpg","/img/derivatives/iiif/images/obj19/full/1140,/0/default.jpg",/img/derivatives/iiif/obj19/manifest.json
obj190,Untitled,A man walks through a landscape alongside a leg.,Unknown,Collage,Portraits,4 1/2 x 4 1/2,16 7/8 x 20 7/8,,,,,,,,102,boghosian_item,boghosian,"/img/derivatives/iiif/images/obj190/full/250,/0/default.jpg","/img/derivatives/iiif/images/obj190/full/1140,/0/default.jpg",/img/derivatives/iiif/obj190/manifest.json
obj191,Untitled,A man walks alongside the cross section of a skull.,Unknown,Collage,Portraits,5 x 7,20 7/8 x 16 7/8,,,,,,,,103,boghosian_item,boghosian,"/img/derivatives/iiif/images/obj191/full/250,/0/default.jpg","/img/derivatives/iiif/images/obj191/full/1140,/0/default.jpg",/img/derivatives/iiif/obj191/manifest.json
obj192,Untitled,A figure stands at the end of a line.,2014,Collage,Portraits,6 3/4 x 9,17 1/4 x 21 1/8,Minor blemish to bottom of frame,,,,,,,104,boghosian_item,boghosian,"/img/derivatives/iiif/images/obj192/full/250,/0/default.jpg","/img/derivatives/iiif/images/obj192/full/1140,/0/default.jpg",/img/derivatives/iiif/obj192/manifest.json
obj193,Untitled,An artist paints a seated woman with her back turned facing an ocean.,Unknown,Collage,Portraits,7 1/4 x 7 3/4,17 1/4 x 21 1/4,,,,,,,,105,boghosian_item,boghosian,"/img/derivatives/iiif/images/obj193/full/250,/0/default.jpg","/img/derivatives/iiif/images/obj193/full/1140,/0/default.jpg",/img/derivatives/iiif/obj193/manifest.json
obj194,Untitled,A snake slithers alongside a flower and upon a woman's face.,Unknown,Collage,Portraits,18 1/4 x 12 1/4,27 1/2 x 21 1/2,,,,,,,,106,boghosian_item,boghosian,"/img/derivatives/iiif/images/obj194/full/250,/0/default.jpg","/img/derivatives/iiif/images/obj194/full/1140,/0/default.jpg",/img/derivatives/iiif/obj194/manifest.json
obj195,Untitled,A child eats a plate of cherries.,Unknown,Collage,Portraits,6 14 x 3 1/4,27 1/2 x 21 1/2,,,,,,,,107,boghosian_item,boghosian,"/img/derivatives/iiif/images/obj195/full/250,/0/default.jpg","/img/derivatives/iiif/images/obj195/full/1140,/0/default.jpg",/img/derivatives/iiif/obj195/manifest.json
obj196,Combat,Two figures appear in combat amidst a cosmic backdrop.,Unknown,Collage,Portraits,7 1/2 x 8 3/4,15 x 19,,,,,,,,108,boghosian_item,boghosian,"/img/derivatives/iiif/images/obj196/full/250,/0/default.jpg","/img/derivatives/iiif/images/obj196/full/1140,/0/default.jpg",/img/derivatives/iiif/obj196/manifest.json
obj197,The Ladder,Two men embrace above a ladder.,2013,Collage,Portraits,7 1/2 x 5,21 1/4 x 17 3/4,Kent Gallery,,,,,,,109,boghosian_item,boghosian,"/img/derivatives/iiif/images/obj197/full/250,/0/default.jpg","/img/derivatives/iiif/images/obj197/full/1140,/0/default.jpg",/img/derivatives/iiif/obj197/manifest.json
obj198,Man Embracing,A building stands in the background of a man embracing a hidden figure. To the left of which a man kneels.,Unknown,Collage,Portraits,4 3/4 x 6 1/2,17 x 20 3/4,,,,,,,,110,boghosian_item,boghosian,"/img/derivatives/iiif/images/obj198/full/250,/0/default.jpg","/img/derivatives/iiif/images/obj198/full/1140,/0/default.jpg",/img/derivatives/iiif/obj198/manifest.json
obj199,Untitled,A person poses next to flowers.,Unknown,Collage,Portraits,13 3/4 x 14,24 x 24 1/2,,,,,,,,111,boghosian_item,boghosian,"/img/derivatives/iiif/images/obj199/full/250,/0/default.jpg","/img/derivatives/iiif/images/obj199/full/1140,/0/default.jpg",/img/derivatives/iiif/obj199/manifest.json
obj2,Untitled,A man holding a cane opening his arms stands between a pair of left legs.,Unknown,Collage,Anatomical,11 x 7 7/8,14 3/4 x 11 3/4,,,,,,,,112,boghosian_item,boghosian,"/img/derivatives/iiif/images/obj2/full/250,/0/default.jpg","/img/derivatives/iiif/images/obj2/full/1140,/0/default.jpg",/img/derivatives/iiif/obj2/manifest.json
obj20,Untitled,"A collage of Salvador Dali's Le Spectre des Sex Appeal, 1932 atop a backdrop of constellations.",Unknown,Collage,Allusion to Artist,10 x 3/4,22 1/8 x 18,,,,,,,,113,boghosian_item,boghosian,"/img/derivatives/iiif/images/obj20/full/250,/0/default.jpg","/img/derivatives/iiif/images/obj20/full/1140,/0/default.jpg",/img/derivatives/iiif/obj20/manifest.json
obj200,Untitled,Two faces in profile reveal a woman receiving a message in her ear from the woman next to her.,Unknown,Collage,Portraits,13 1/2 x 8 1/2,22 1/4 x 17 1/4,,,,,,,,114,boghosian_item,boghosian,"/img/derivatives/iiif/images/obj200/full/250,/0/default.jpg","/img/derivatives/iiif/images/obj200/full/1140,/0/default.jpg",/img/derivatives/iiif/obj200/manifest.json
obj201,Portrait,The face of a figure in profile is peeled back to reveal black void.,2011,Collage,Portraits,12 1/2 x 9 1/2,23 x 20 18,Lori Bookstein,LBFA-5794,,,,,,115,boghosian_item,boghosian,"/img/derivatives/iiif/images/obj201/full/250,/0/default.jpg","/img/derivatives/iiif/images/obj201/full/1140,/0/default.jpg",/img/derivatives/iiif/obj201/manifest.json
obj202,Portrait (Biblical),A man casting a side eyed glance is revealed through the profile of a figure's face.,Unknown,Collage,Portraits,8 x 5,22 3/4 x 18 3/4,Lori Bookstein,,,,,,,116,boghosian_item,boghosian,"/img/derivatives/iiif/images/obj202/full/250,/0/default.jpg","/img/derivatives/iiif/images/obj202/full/1140,/0/default.jpg",/img/derivatives/iiif/obj202/manifest.json
obj203,Untitled,A winged figure carries a white disk.,Unknown,Collage,Portraits,8 3/4 x 8 1/8,21 x 17,,,,,,,,117,boghosian_item,boghosian,"/img/derivatives/iiif/images/obj203/full/250,/0/default.jpg","/img/derivatives/iiif/images/obj203/full/1140,/0/default.jpg",/img/derivatives/iiif/obj203/manifest.json
obj204,Untitled,The bone structure and features of a man's face in profile are labeled.,Unknown,Collage,Portraits,8 x 7 1/2,19 5/8 x 19 1/8,,,,,,,,118,boghosian_item,boghosian,"/img/derivatives/iiif/images/obj204/full/250,/0/default.jpg","/img/derivatives/iiif/images/obj204/full/1140,/0/default.jpg",/img/derivatives/iiif/obj204/manifest.json
obj205,Untitled,A man in profile with roses pinned in his tied back hair.,Unknown,Collage,Portraits,10 x 6 3/4,17 3/4 x 13 3/8,,,,,,,,119,boghosian_item,boghosian,"/img/derivatives/iiif/images/obj205/full/250,/0/default.jpg","/img/derivatives/iiif/images/obj205/full/1140,/0/default.jpg",/img/derivatives/iiif/obj205/manifest.json
obj206,Untitled,A man in red hat with arms crossed carries a rose.,Unknown,Collage,Portraits,7 1/8 x 5 3/8,16 3/8 x 14 1/8,,,,,,,,120,boghosian_item,boghosian,"/img/derivatives/iiif/images/obj206/full/250,/0/default.jpg","/img/derivatives/iiif/images/obj206/full/1140,/0/default.jpg",/img/derivatives/iiif/obj206/manifest.json
obj207,Untitled,A figure in profile receives a flower from another figure whose head is obscured from view.,Unknown,Collage,Portraits,13 1/4 x 17 1/2,19 1/8 x 23 1/2,,,,,,,,121,boghosian_item,boghosian,"/img/derivatives/iiif/images/obj207/full/250,/0/default.jpg","/img/derivatives/iiif/images/obj207/full/1140,/0/default.jpg",/img/derivatives/iiif/obj207/manifest.json
obj208,Untitled,A brown paper bag hangs form a person's nose.,Unknown,Collage,Portraits,14 1/8 x 7 1/4,21 1/8 x 17 1/8,,,,,,,,122,boghosian_item,boghosian,"/img/derivatives/iiif/images/obj208/full/250,/0/default.jpg","/img/derivatives/iiif/images/obj208/full/1140,/0/default.jpg",/img/derivatives/iiif/obj208/manifest.json
obj209,Untitled,"A face with red eyes, and goatee made up red ribbon and blue triangle.",Unknown,Collage,Portraits,9 1/4 x 7 3/4,21 1/4 x 17 1/4,,,,,,,,123,boghosian_item,boghosian,"/img/derivatives/iiif/images/obj209/full/250,/0/default.jpg","/img/derivatives/iiif/images/obj209/full/1140,/0/default.jpg",/img/derivatives/iiif/obj209/manifest.json
obj21,Untitled,"A black and white image of Salvador Dali's Le Spectre des Sex Appeal, 1932 within a cut out Dali's Portrait of Gala, 1935.",Unknown,Collage,Allusion to Artist,8 1/2 x 5 1/4,21 7/8 x 17,,,,,,,,124,boghosian_item,boghosian,"/img/derivatives/iiif/images/obj21/full/250,/0/default.jpg","/img/derivatives/iiif/images/obj21/full/1140,/0/default.jpg",/img/derivatives/iiif/obj21/manifest.json
obj210,Untitled,A figure holding a sword appears to be battling a serpent.,Unknown,Collage,Portraits,15 5/8 / 11 3/4,21 3/8 x 17 3/8,,,,,,,,125,boghosian_item,boghosian,"/img/derivatives/iiif/images/obj210/full/250,/0/default.jpg","/img/derivatives/iiif/images/obj210/full/1140,/0/default.jpg",/img/derivatives/iiif/obj210/manifest.json
obj211,Grandee,A figure in Elizabethan garb appears to simultaneously wear a Victorian suit.,2009,Collage,Portraits,14 1/2 x 9 1/2,20 1/4 x 14 3/4,Lori Bookstein,LBFA-3003,,,,,,126,boghosian_item,boghosian,"/img/derivatives/iiif/images/obj211/full/250,/0/default.jpg","/img/derivatives/iiif/images/obj211/full/1140,/0/default.jpg",/img/derivatives/iiif/obj211/manifest.json
obj212,Untitled,A woman lying on a pillow.,Unknown,Collage,Portraits,12 3/4 x 7 3/4,20 5/8 x 14 1/4,,,,,,,,127,boghosian_item,boghosian,"/img/derivatives/iiif/images/obj212/full/250,/0/default.jpg","/img/derivatives/iiif/images/obj212/full/1140,/0/default.jpg",/img/derivatives/iiif/obj212/manifest.json
obj213,Untitled,A child is cropped over by a baby in a dress.,Unknown,Collage,Portraits,16 7/8 x 13 7/8,23 3/8 x 20 3/8,,,,,,,,128,boghosian_item,boghosian,"/img/derivatives/iiif/images/obj213/full/250,/0/default.jpg","/img/derivatives/iiif/images/obj213/full/1140,/0/default.jpg",/img/derivatives/iiif/obj213/manifest.json
obj214,Untitled,A man's face cropped above the torso of a seated woman.,Unknown,Collage,Portraits,9 3/4 x 7 7/8,20 3/4 x 16 3/4,,,,,,,,129,boghosian_item,boghosian,"/img/derivatives/iiif/images/obj214_obj214_0/full/250,/0/default.jpg","/img/derivatives/iiif/images/obj214_obj214_0/full/1140,/0/default.jpg",/img/derivatives/iiif/obj214/manifest.json
obj215,Untitled,A woman's head atop a portrait of Napoleon.,Unknown,Collage,Portraits,17 7/16 x 15,25 x 22 1/2,,,,,,,,130,boghosian_item,boghosian,"/img/derivatives/iiif/images/obj215/full/250,/0/default.jpg","/img/derivatives/iiif/images/obj215/full/1140,/0/default.jpg",/img/derivatives/iiif/obj215/manifest.json
obj216,Untitled,A man walking uses the help of another man's mouth for his next step.,Unknown,Collage,Portraits,4 3/4 x 4,21 1/4 x 17 1/4,,,,,,,,131,boghosian_item,boghosian,"/img/derivatives/iiif/images/obj216/full/250,/0/default.jpg","/img/derivatives/iiif/images/obj216/full/1140,/0/default.jpg",/img/derivatives/iiif/obj216/manifest.json
obj217,Untitled,A portrait of a man is creased at the neck.,Unknown,Collage,Portraits,12 x 9 1/2,18 5/8 x 16 1/4,,,,,,,,132,boghosian_item,boghosian,"/img/derivatives/iiif/images/obj217/full/250,/0/default.jpg","/img/derivatives/iiif/images/obj217/full/1140,/0/default.jpg",/img/derivatives/iiif/obj217/manifest.json
obj218,Untitled,A woman and man appear embraced in the bedroom.,Unknown,Collage,Portraits,7 3/4 x 10,15 1/2 x 17 3/4,,,,,,,,133,boghosian_item,boghosian,"/img/derivatives/iiif/images/obj218/full/250,/0/default.jpg","/img/derivatives/iiif/images/obj218/full/1140,/0/default.jpg",/img/derivatives/iiif/obj218/manifest.json
obj219,Untitled,A blue clown gazes toward a of a lone tree upon a hill.,Unknown,Collage,Portraits,7 1/4 x 9,17 1/4 x 21 1/4,,,,,,,,134,boghosian_item,boghosian,"/img/derivatives/iiif/images/obj219/full/250,/0/default.jpg","/img/derivatives/iiif/images/obj219/full/1140,/0/default.jpg",/img/derivatives/iiif/obj219/manifest.json
obj22,Untitled,"The name Nicola, e dorella Moretti appears above Salvador Dali's Portrait of Gala, 1935 which gazes into Dali's Soft Construction with Boiled Beans (Premonition of Civil War), 1936.",Unknown,Collage,Allusion to Artist,18 3/4 x 12 1/2,25 1/2 x 19 3/8,,,,,,,,135,boghosian_item,boghosian,"/img/derivatives/iiif/images/obj22/full/250,/0/default.jpg","/img/derivatives/iiif/images/obj22/full/1140,/0/default.jpg",/img/derivatives/iiif/obj22/manifest.json
obj220,Portrait of the Artist in the Snow,The artist trudges through a snowstorm.,2002,Collage,Portraits,8 1/2 x 11 1/2,15 1/2 x 18 1/2,Lori Bookstein,LBFA#VB-6242,,,,,,136,boghosian_item,boghosian,"/img/derivatives/iiif/images/obj220/full/250,/0/default.jpg","/img/derivatives/iiif/images/obj220/full/1140,/0/default.jpg",/img/derivatives/iiif/obj220/manifest.json
obj221,Self Portrait of the Artist as a Young Man,A boy sits at a desk and draws a butterfly.,1989,Collage,Portraits,5 3/4 x 4 1/2,17 3/4 x 14 3/4,Long Pont Gallery,,,,,,,137,boghosian_item,boghosian,"/img/derivatives/iiif/images/obj221/full/250,/0/default.jpg","/img/derivatives/iiif/images/obj221/full/1140,/0/default.jpg",/img/derivatives/iiif/obj221/manifest.json
obj222,Untitled,A plane with a lion's head flies through a window of a sleeping boy's bedroom.,Unknown,Collage,Portraits,8 1/8 x 9 1/2,14 1/4 x 15 3/8,,,,,,,,138,boghosian_item,boghosian,"/img/derivatives/iiif/images/obj222/full/250,/0/default.jpg","/img/derivatives/iiif/images/obj222/full/1140,/0/default.jpg",/img/derivatives/iiif/obj222/manifest.json
obj223,The Bachelor,A seated man depicted on the top of a cigar box.,2013,Assemblage,Portraits,9 3/4 x 10 1/4,,Lori Bookstein,LBFA#VB-6226,,Alexandre Gallery,VB 13.02,,,139,boghosian_item,boghosian,"/img/derivatives/iiif/images/obj223/full/250,/0/default.jpg","/img/derivatives/iiif/images/obj223/full/1140,/0/default.jpg",/img/derivatives/iiif/obj223/manifest.json
obj224,Untitled,"The figures, Ludwig and Arno, appear behind a curtain and point towards ship, fish, and bird.",Unknown,Collage,Portraits,16 1/2 x 21,21 3/4 x 25 1/2,,,,,,,,140,boghosian_item,boghosian,"/img/derivatives/iiif/images/obj224/full/250,/0/default.jpg","/img/derivatives/iiif/images/obj224/full/1140,/0/default.jpg",/img/derivatives/iiif/obj224/manifest.json
obj225,Untitled,The silhouette of a hunter surrounded by eight inverted bird torsos.,Unknown,Collage,Portraits,20 1/2 x 14 1/2,27 x 20 1/2,,,,,,,,141,boghosian_item,boghosian,"/img/derivatives/iiif/images/obj225/full/250,/0/default.jpg","/img/derivatives/iiif/images/obj225/full/1140,/0/default.jpg",/img/derivatives/iiif/obj225/manifest.json
obj226,Untitled,A figure made up of a man's torso and bird's head stands alongside butterflies and fish.,Unknown,Collage,Portraits,8 x 5,21 x 17,,,,,,,,142,boghosian_item,boghosian,"/img/derivatives/iiif/images/obj226/full/250,/0/default.jpg","/img/derivatives/iiif/images/obj226/full/1140,/0/default.jpg",/img/derivatives/iiif/obj226/manifest.json
obj227,Ringmaster,"A ringmaster, dressed as a clown, stands alongside a spinning top and waits for a dog to jump through his hoop.",2013,Collage,Portraits,17 x 12,24 1/2 x 19 3/8,Alexandre Gallery,VB 13.03,,,,,,143,boghosian_item,boghosian,"/img/derivatives/iiif/images/obj227/full/250,/0/default.jpg","/img/derivatives/iiif/images/obj227/full/1140,/0/default.jpg",/img/derivatives/iiif/obj227/manifest.json
obj228,Untitled,A woman dances next to the forest.,Unknown,Collage,Portraits,6 1/2 x 5 1/2,16 1/2 x 15 1/4,,,,,,,,144,boghosian_item,boghosian,"/img/derivatives/iiif/images/obj228/full/250,/0/default.jpg","/img/derivatives/iiif/images/obj228/full/1140,/0/default.jpg",/img/derivatives/iiif/obj228/manifest.json
obj229,Untitled,A court jester dances next to butterfly and suit trunk.,Unknown,Collage,Portraits,11 1/4 x 10 1/2,18 1/4 x 20 1/4,,,,,,,,145,boghosian_item,boghosian,"/img/derivatives/iiif/images/obj229/full/250,/0/default.jpg","/img/derivatives/iiif/images/obj229/full/1140,/0/default.jpg",/img/derivatives/iiif/obj229/manifest.json
obj23,Untitled,"Two women sit, one in front of the other, with their backs turned, looking out at a crashing wave. The figure's are Salvador Dali's Portrait of Gala, 1935.",Unknown,Collage,Allusion to Artist,10 x 8 1/4,21 1/4 x 17 1/4,,,,,,,,146,boghosian_item,boghosian,"/img/derivatives/iiif/images/obj23/full/250,/0/default.jpg","/img/derivatives/iiif/images/obj23/full/1140,/0/default.jpg",/img/derivatives/iiif/obj23/manifest.json
obj230,Self Portrait as a Lion,Portrait of the artist with lion masking the top half of his face.,2006,Collage,Portraits: Masks,15 x 10 1/2,21 x 16 1/2,Berta Walker,18014,"$12,500.00 ",Lori Bookstein,LBFA 3209,,,147,boghosian_item,boghosian,"/img/derivatives/iiif/images/obj230/full/250,/0/default.jpg","/img/derivatives/iiif/images/obj230/full/1140,/0/default.jpg",/img/derivatives/iiif/obj230/manifest.json
obj231,Untitled,A portrait of a man with a beaded butterfly masking top half of his face.,Unknown,Collage,Portraits: Masks,9 1/4 x 6 3/4,17 3/4 x 13 1/2,,,,,,,,148,boghosian_item,boghosian,"/img/derivatives/iiif/images/obj231/full/250,/0/default.jpg","/img/derivatives/iiif/images/obj231/full/1140,/0/default.jpg",/img/derivatives/iiif/obj231/manifest.json
obj232,Untitled,"A portrait of newlyweds. The woman's face reveals a void, the man's head obscures a butterfly.",Unknown,Collage,Portraits: Masks,16 x 12 1/4,25 x 21 1/2,,,,,,,,149,boghosian_item,boghosian,"/img/derivatives/iiif/images/obj232/full/250,/0/default.jpg","/img/derivatives/iiif/images/obj232/full/1140,/0/default.jpg",/img/derivatives/iiif/obj232/manifest.json
obj233,Untitled,An eye masks the top half of mickey mouse's body.,Unknown,Collage,Portraits: Masks,6 3/4 x 4 1/2,22 x 20,,,,,,,,150,boghosian_item,boghosian,"/img/derivatives/iiif/images/obj233_obj233_0/full/250,/0/default.jpg","/img/derivatives/iiif/images/obj233_obj233_0/full/1140,/0/default.jpg",/img/derivatives/iiif/obj233/manifest.json
obj234,Untitled (Violinist),A figure whose face is obscured plays a violin to a butterfly that has landed upon his sheet music.,1988,Collage,Portraits: Masks,11 x 7,20 3/4 x 16 3/4,,,,,,,,151,boghosian_item,boghosian,"/img/derivatives/iiif/images/obj234/full/250,/0/default.jpg","/img/derivatives/iiif/images/obj234/full/1140,/0/default.jpg",/img/derivatives/iiif/obj234/manifest.json
obj235,The Minister's Black Veil,The top half a figure's head is peeled back to reveal a black void.,2012,Collage,Portraits: Masks,19 3/4 x 15 3/4,22 5/8 x 18 5/8,Berta Walker Gallery,18019,"$14,000.00 ",,,,,152,boghosian_item,boghosian,"/img/derivatives/iiif/images/obj235/full/250,/0/default.jpg","/img/derivatives/iiif/images/obj235/full/1140,/0/default.jpg",/img/derivatives/iiif/obj235/manifest.json
obj236,Untitled,Clouds hang above an eye that appears to float alongside the void in place of a man's face.,Unknown,Collage,Portraits: Masks,10 3/4 x 6 1/4,21 1/4 x 17 1/4,,,,,,,,153,boghosian_item,boghosian,"/img/derivatives/iiif/images/obj236/full/250,/0/default.jpg","/img/derivatives/iiif/images/obj236/full/1140,/0/default.jpg",/img/derivatives/iiif/obj236/manifest.json
obj237,Untitled,Symmetrical roses and a forest scene appear to create the shape of human face.,Unknown,Collage,Portraits: Masks,6 1/2 x 5 3/4,20 3/4 x 16 1/2,Alexander Gallery,VB12,,,,,,154,boghosian_item,boghosian,"/img/derivatives/iiif/images/obj237/full/250,/0/default.jpg","/img/derivatives/iiif/images/obj237/full/1140,/0/default.jpg",/img/derivatives/iiif/obj237/manifest.json
obj238,Untitled,A woman's face hooded in white with rose atop head.,Unknown,Collage,Portraits: Masks,13 1/4 x 10 1/4,20 x 17,,,,,,,,155,boghosian_item,boghosian,"/img/derivatives/iiif/images/obj238/full/250,/0/default.jpg","/img/derivatives/iiif/images/obj238/full/1140,/0/default.jpg",/img/derivatives/iiif/obj238/manifest.json
obj239,Untitled,A marionette juggles red and white balls.,Unknown,Collage,Portraits: Masks,16 1/4 x 17 1/4,23 1/2 x 24,,,,,,,,156,boghosian_item,boghosian,"/img/derivatives/iiif/images/obj239/full/250,/0/default.jpg","/img/derivatives/iiif/images/obj239/full/1140,/0/default.jpg",/img/derivatives/iiif/obj239/manifest.json
obj24,Untitled,"A young girl serves the torso of a woman. The woman is Salvador Dali's Portrait of Gala, 1935.",Unknown,Collage,Allusion to Artist,7 1/2 x 5 1/2,21 x 17 1/8,,,,,,,,157,boghosian_item,boghosian,"/img/derivatives/iiif/images/obj24/full/250,/0/default.jpg","/img/derivatives/iiif/images/obj24/full/1140,/0/default.jpg",/img/derivatives/iiif/obj24/manifest.json
obj240,Untitled,A rose masks the face of a figure in red and black gown.,Unknown,Collage,Portraits: Masks,8 x 5 1/2,18 x 15,,,,,,,,158,boghosian_item,boghosian,"/img/derivatives/iiif/images/obj240_obj240_0/full/250,/0/default.jpg","/img/derivatives/iiif/images/obj240_obj240_0/full/1140,/0/default.jpg",/img/derivatives/iiif/obj240/manifest.json
obj241,Africa,A figure's face masked by a wig.,2008,Assemblage,Portraits: Masks,27 3/8 x 22 x 3,,Lori Bookstein,LBFA 3218,,,,,,159,boghosian_item,boghosian,"/img/derivatives/iiif/images/obj241/full/250,/0/default.jpg","/img/derivatives/iiif/images/obj241/full/1140,/0/default.jpg",/img/derivatives/iiif/obj241/manifest.json
obj242,Study for Orpheus,A half spherical object within a box.,1963,Assemblage,Study for Orpheus,12 x 12 x 6 3/4,,Franklin ...,,,Alexandre Gallery,VB 63.01,,,160,boghosian_item,boghosian,"/img/derivatives/iiif/images/obj242/full/250,/0/default.jpg","/img/derivatives/iiif/images/obj242/full/1140,/0/default.jpg",/img/derivatives/iiif/obj242/manifest.json
obj243,Study for Orpheus 2,A half spherical object within a box.,1963,Assemblage,Study for Orpheus,12 x 12 x 6 3/4,,Alexandre Gallery,VB 63.02,,,,,,161,boghosian_item,boghosian,"/img/derivatives/iiif/images/obj243/full/250,/0/default.jpg","/img/derivatives/iiif/images/obj243/full/1140,/0/default.jpg",/img/derivatives/iiif/obj243/manifest.json
obj244,Untitled,Three spheres: one white; one black; one grey with fibers.,Unknown,Assemblage,Shapes,17 x 25 1/2,20 3/4 x 29,,,,,,,,162,boghosian_item,boghosian,"/img/derivatives/iiif/images/obj244/full/250,/0/default.jpg","/img/derivatives/iiif/images/obj244/full/1140,/0/default.jpg",/img/derivatives/iiif/obj244/manifest.json
obj245,Untitled,"Seven shapes; 4 spheres, one of which is blue; two cylinders; and a cube.",Unknown,Assemblage,Shapes,17 x 24,19 1/4 x 25 3/4,,,,,,,,163,boghosian_item,boghosian,"/img/derivatives/iiif/images/obj245/full/250,/0/default.jpg","/img/derivatives/iiif/images/obj245/full/1140,/0/default.jpg",/img/derivatives/iiif/obj245/manifest.json
obj246,Four White Objects,Four white objects: Two squares; a sphere; and one is biconical.,2008,Assemblage,Shapes,20 x 30,,Kent Fine Art,,,Lori Bookstein,LBFA-4105,,,164,boghosian_item,boghosian,"/img/derivatives/iiif/images/obj246/full/250,/0/default.jpg","/img/derivatives/iiif/images/obj246/full/1140,/0/default.jpg",/img/derivatives/iiif/obj246/manifest.json
obj247,Untitled,Three shapes: Two cubes; one biconical.,,Assemblage,Shapes,,,,,,,,,,165,boghosian_item,boghosian,"/img/derivatives/iiif/images/obj247/full/250,/0/default.jpg","/img/derivatives/iiif/images/obj247/full/1140,/0/default.jpg",/img/derivatives/iiif/obj247/manifest.json
obj248,Untitled,A horseshoe is nailed to a wooden cutting board.,Unknown,Assemblage,Shapes,23 1/2 x 19,28 3/4 x 25,,,,,,,,166,boghosian_item,boghosian,"/img/derivatives/iiif/images/obj248/full/250,/0/default.jpg","/img/derivatives/iiif/images/obj248/full/1140,/0/default.jpg",/img/derivatives/iiif/obj248/manifest.json
obj25,Untitled,"Beneath a pane of shattered glass, between a pair of insects wings, a woman turns away from a swan nesting upon roses. The woman is Salvador Dali's Portrait of Gala, 1935.",Unknown,Collage,Allusion to Artist,16 x 21 3/4,23 1/8 x 29 1/4,,,,,,,,167,boghosian_item,boghosian,"/img/derivatives/iiif/images/obj25/full/250,/0/default.jpg","/img/derivatives/iiif/images/obj25/full/1140,/0/default.jpg",/img/derivatives/iiif/obj25/manifest.json
obj26,The Star Head Poet,An image of Marcel Duchamp with a comet cut into his hair on back of head above a selection from the biography of French poet Guillaume Apollinaire from the book titled Age of Surrealism.,2013,Collage,Allusion to Artist,7 x 5,21 1/4 x 17 1/8,Lori Bookstein Fine Art,LBFA#VB-6230,,,,,,168,boghosian_item,boghosian,"/img/derivatives/iiif/images/obj26/full/250,/0/default.jpg","/img/derivatives/iiif/images/obj26/full/1140,/0/default.jpg",/img/derivatives/iiif/obj26/manifest.json
obj27,The Valise,An image of Marcel Duchamp as Rrose Selavy captioned by his name above luggage with Rrose Selavy's name.,2013,Collage,Allusion to Artist,10 1/2 x 8,21 x 17,Lori Bookstein Fine Art,LBFA#VB-6224,,,,,,169,boghosian_item,boghosian,"/img/derivatives/iiif/images/obj27/full/250,/0/default.jpg","/img/derivatives/iiif/images/obj27/full/1140,/0/default.jpg",/img/derivatives/iiif/obj27/manifest.json
obj28,A Letter to Timothy Rub,A stamped envelope addressed to Marcel Duchamp.,2013,Collage,Allusion to Artist,4 3/4 x 5 3/4,21 1/8 x 17 1/4,Lori Bookstein Fine Art,LBFA#VB-6237,,,,,,170,boghosian_item,boghosian,"/img/derivatives/iiif/images/obj28/full/250,/0/default.jpg","/img/derivatives/iiif/images/obj28/full/1140,/0/default.jpg",/img/derivatives/iiif/obj28/manifest.json
obj29,Nude Descending Staircase (Cropped Version),"Marcel Duchamp's Nude Descending Staircase No. 2, 1912 appears through a diagram of a window of doors.",2013,Collage,Allusion to Artist,8 3/4 x 10 3/4,17 x 21,Lori Bookstein Fine Art,LBFA#VB-6220,,,,,,171,boghosian_item,boghosian,"/img/derivatives/iiif/images/obj29/full/250,/0/default.jpg","/img/derivatives/iiif/images/obj29/full/1140,/0/default.jpg",/img/derivatives/iiif/obj29/manifest.json
obj3,Untitled,An anatomical cross section of a right leg stands next to two steeples in front of a backdrop of a star chart.,1979,Collage,Anatomical,15 x 19 1/4,27 3/4 x 20 1/8,Dennis Florio,,,Kouros Gallery,,Cordier & Ekstrom,CE#83,172,boghosian_item,boghosian,"/img/derivatives/iiif/images/obj3/full/250,/0/default.jpg","/img/derivatives/iiif/images/obj3/full/1140,/0/default.jpg",/img/derivatives/iiif/obj3/manifest.json
obj30,Madame Rose,Marcel Duchamp as Rrose Selavy peers through a diagram of a window of doors.,2013,Collage,Allusion to Artist,9/12 x 12 1/4,17 x 21,Lori Bookstein Fine Art,LBFA#VB-6220,,,,,,173,boghosian_item,boghosian,"/img/derivatives/iiif/images/obj30/full/250,/0/default.jpg","/img/derivatives/iiif/images/obj30/full/1140,/0/default.jpg",/img/derivatives/iiif/obj30/manifest.json
obj31,Mustache,Marcel Duchamp's name above upside-down false mustache.,2013,Collage,Allusion to Artist,11 x 8 1/4,18 x 14,Lori Bookstein Fine Art,LBFA#VB-6227,,,,,,174,boghosian_item,boghosian,"/img/derivatives/iiif/images/obj31/full/250,/0/default.jpg","/img/derivatives/iiif/images/obj31/full/1140,/0/default.jpg",/img/derivatives/iiif/obj31/manifest.json
obj32,Nude Descending Staircase (Monumental),"A figure gazes upward gesturing at Marcel Duchamp's Nude Descending Staircase No. 2, 1912.",2013,Collage,Allusion to Artist,7 1/4 x 4 1/2,21 x 17,Lori Bookstein Fine Art,LBFA#VB-6235,,,,,,175,boghosian_item,boghosian,"/img/derivatives/iiif/images/obj32/full/250,/0/default.jpg","/img/derivatives/iiif/images/obj32/full/1140,/0/default.jpg",/img/derivatives/iiif/obj32/manifest.json
obj33,Hands,Marcel Duchamp as Rrose Selavy accompanied by two sets of hands.,2013,Collage,Allusion to Artist,8 3/4 x 4 1/4,21 x 17,Lori Bookstein Fine Art,LBFA#VB-6221,,,,,,176,boghosian_item,boghosian,"/img/derivatives/iiif/images/obj33/full/250,/0/default.jpg","/img/derivatives/iiif/images/obj33/full/1140,/0/default.jpg",/img/derivatives/iiif/obj33/manifest.json
obj34,Rose Sail A Vie (Grand),A ship sails amongst roses. A play on the name of Marcel Duchamp's alter ego.,2005,Collage,Allusion to Artist,15 x 18,21 1/2 x 23 3/4,Lori Bookstein Fine Art,LBFA#VB-6234,,,,,,177,boghosian_item,boghosian,"/img/derivatives/iiif/images/obj34/full/250,/0/default.jpg","/img/derivatives/iiif/images/obj34/full/1140,/0/default.jpg",/img/derivatives/iiif/obj34/manifest.json
obj35,Spinner,"A spinner is on a stool with a bike wheel. An allusion to Marcel Duchamp's Bicycle Wheel, 1951.",2013,Assemblage,Allusion to Artist,14 1/2 x 11 1/4 x 2 1/2,,Alexander Gallery,VB 13.01,,Lori Bookstein,LBFA#VB-3262,,,178,boghosian_item,boghosian,"/img/derivatives/iiif/images/obj35/full/250,/0/default.jpg","/img/derivatives/iiif/images/obj35/full/1140,/0/default.jpg",/img/derivatives/iiif/obj35/manifest.json
obj36,Duchamp's Valise,"A tin valise within wood frame. A reference to Marcel Duchamp's Box in a Valise (From or by Marcel Duchamp or Rrose Selavy), 1935-41.",1990,Assemblage,Allusion to Artist,11 1/4 x 15 1/4 x 4 1/2,,Claude Bernard Gallery,,Forum Gallery,FO 15743,Alexandre Gallery,,Berry Hill,179,boghosian_item,boghosian,"/img/derivatives/iiif/images/obj36/full/250,/0/default.jpg","/img/derivatives/iiif/images/obj36/full/1140,/0/default.jpg",/img/derivatives/iiif/obj36/manifest.json
obj37,Chocolate Grinder,"Flower's bloom next to a table with a chocolate grinder from below which a figure's head peaks out. The grinder is featured in Marcel Duchamp's Chocolate Grinder No.1, 1913.",2013,Collage,Allusion to Artist,10 x 8,21 x 17,Lori Bookstein Fine Art,LBFA#VB-6223,,,,,,180,boghosian_item,boghosian,"/img/derivatives/iiif/images/obj37/full/250,/0/default.jpg","/img/derivatives/iiif/images/obj37/full/1140,/0/default.jpg",/img/derivatives/iiif/obj37/manifest.json
obj38,For Max Ernst,"A paper marionette with a folding fan in the place of head alluding to Max Ernst's Woman, Old Man, and Flower, 1923.",2013,Collage,Allusion to Artist,18 x 13,22 3/4 x 17 3/4,Lori Bookstein Fine Art,LBFA#VB-6241,,,,,,181,boghosian_item,boghosian,"/img/derivatives/iiif/images/obj38/full/250,/0/default.jpg","/img/derivatives/iiif/images/obj38/full/1140,/0/default.jpg",/img/derivatives/iiif/obj38/manifest.json
obj39,Gauguin,A peacock roosts among the trees in a Tahitian style landscape composed wall paper and a photograph of a hut.,2015,Collage,Allusion to Artist,14 x 17 1/2,21 3/4 x 24 1/4,Big Town Gallery,,,,,,,182,boghosian_item,boghosian,"/img/derivatives/iiif/images/obj39/full/250,/0/default.jpg","/img/derivatives/iiif/images/obj39/full/1140,/0/default.jpg",/img/derivatives/iiif/obj39/manifest.json
obj4,The Music Maker,The skeletal cross section of a figure's torso reveals a skull full of music notes.,1980,Collage,Anatomical,20 1/2 x 13,28 3/4x19 5/8,,,,,,,,183,boghosian_item,boghosian,"/img/derivatives/iiif/images/obj4/full/250,/0/default.jpg","/img/derivatives/iiif/images/obj4/full/1140,/0/default.jpg",/img/derivatives/iiif/obj4/manifest.json
obj40,Antonio Mancini as Fred Hill,An eye peers out from the matboard above a black and white line drawing.,1993,Collage,Allusion to Artist,4 1/2 x 3,16 1/2 x 20 1/4,Kent Gallery,,,,,,,184,boghosian_item,boghosian,"/img/derivatives/iiif/images/obj40_obj40_0/full/250,/0/default.jpg","/img/derivatives/iiif/images/obj40_obj40_0/full/1140,/0/default.jpg",/img/derivatives/iiif/obj40/manifest.json
obj41,Untitled,"The words 'tra, la, la' extend from the band of a hat above a figure laying a bouquet to the name Joyce. An allusion to the first scene in Joyce's A Portrait of the Artist as a Young Man.",Unknown,Collage,Allusion to Artist,14 x 11,21 x 17,,,,,,,,185,boghosian_item,boghosian,"/img/derivatives/iiif/images/obj41/full/250,/0/default.jpg","/img/derivatives/iiif/images/obj41/full/1140,/0/default.jpg",/img/derivatives/iiif/obj41/manifest.json
obj42,James Joyce in Dublin,A tree extends from the waist of a figure standing next to a lake.,2003,Collage,Allusion to Artist,7 1/2 x 9 1/2,16 1/4 x 17 3/4,Berta Walker Gallery,18018,"$9,500.00 ",,,,,186,boghosian_item,boghosian,"/img/derivatives/iiif/images/obj42/full/250,/0/default.jpg","/img/derivatives/iiif/images/obj42/full/1140,/0/default.jpg",/img/derivatives/iiif/obj42/manifest.json
obj43,Homage to Stanley Kunitz,A dolphin swims amongst a colonial city's skyline and groups of people. Possibly an allusion to Provincetown.,2010,Collage,Allusion to Artist,17 1/4 x 24 1/2,23 3/4 x 30 5/8,Berta Walker Gallery,,,Kent Fine Art,,,,187,boghosian_item,boghosian,"/img/derivatives/iiif/images/obj43/full/250,/0/default.jpg","/img/derivatives/iiif/images/obj43/full/1140,/0/default.jpg",/img/derivatives/iiif/obj43/manifest.json
obj44,Leonardo's Coat,Two cards extend from both ends of an envelope atop a botanical illustration of Nigella flowers.,1990,Collage,Allusion to Artist,30 1/2 x 22,30 1/2 x 22,Alpha Gallery,2960,,Claude Bernard Gallery,L-CO-4555,Lori Bookstein,LBFA-5802,188,boghosian_item,boghosian,"/img/derivatives/iiif/images/obj44/full/250,/0/default.jpg","/img/derivatives/iiif/images/obj44/full/1140,/0/default.jpg",/img/derivatives/iiif/obj44/manifest.json
obj45,Lets Kill Moonlight for Marinetti,Tile letters read 'Uccidiamo Il Chiaro Di Luna' with a backdrop of a riverside mill lit by the moon. A reference to the title of the second manifesto of Italian Futurists authored by Filippo Tommaso Marinetti.,c. 2008,Mixed Media,Allusion to Artist,17 3/4 x 13 3/4,24 1/4 x 19 3/4,,,,,,,,189,boghosian_item,boghosian,"/img/derivatives/iiif/images/obj45/full/250,/0/default.jpg","/img/derivatives/iiif/images/obj45/full/1140,/0/default.jpg",/img/derivatives/iiif/obj45/manifest.json
obj46,Adam and Eve,"Hearts mask the faces of Adam and Eve as depicted in Albertus Durerus Noricus' Adam and Eve, 1504.",2018,Collage,Allusion to Artist,9 3/8 x 7 1/4,20 3/4 x 16 3/4,Alexander Gallery,VB 1,,,,,,190,boghosian_item,boghosian,"/img/derivatives/iiif/images/obj46/full/250,/0/default.jpg","/img/derivatives/iiif/images/obj46/full/1140,/0/default.jpg",/img/derivatives/iiif/obj46/manifest.json
obj47,Pollack's Palette,A large artist's palette nearly hidden within a canvas of smattered brushstrokes.,1999,Assemblage,Allusion to Artist,26 x 23,,Berry-Hill,VB 073,,,,,,191,boghosian_item,boghosian,"/img/derivatives/iiif/images/obj47/full/250,/0/default.jpg","/img/derivatives/iiif/images/obj47/full/1140,/0/default.jpg",/img/derivatives/iiif/obj47/manifest.json
obj48,Homage to Man Ray,"A butterfly descends toward a rose behind which an f hole of a violin appears through the wood backing. An allusion to Man Ray's Ingre's Violin, 1924.",2008,Assemblage,Allusion to Artist,14 1/2 x 19,19 1/2 x 24,,,,Berta Walker Gallery,,,,192,boghosian_item,boghosian,"/img/derivatives/iiif/images/obj48_obj48_0/full/250,/0/default.jpg","/img/derivatives/iiif/images/obj48_obj48_0/full/1140,/0/default.jpg",/img/derivatives/iiif/obj48/manifest.json
obj49,Vincent,The name Vincent spelled vertically 5 times and horizontally 3 times create the profile of a face next to an image of a right ear.,2006,Collage,Allusion to Artist,19 1/2 x 15 1/2,26 x 26,Lori Bookstein Fine Art,LBFA-4522,,Kent Fine Art,,,,193,boghosian_item,boghosian,"/img/derivatives/iiif/images/obj49/full/250,/0/default.jpg","/img/derivatives/iiif/images/obj49/full/1140,/0/default.jpg",/img/derivatives/iiif/obj49/manifest.json
obj5,Portrait,The branches of a tree extend from behind a skeletal cross section of a figure in profile.,c. 2012,Collage,Anatomical,11 1/2 x 9 1/2,20 1/4 x 16 3/8,,,,,,,,194,boghosian_item,boghosian,"/img/derivatives/iiif/images/obj5/full/250,/0/default.jpg","/img/derivatives/iiif/images/obj5/full/1140,/0/default.jpg",/img/derivatives/iiif/obj5/manifest.json
obj50,For Fats Waller,A hand clutching a quill summons spiders from an envelope. An allusion to Fats Waller's The Spider and the Fly.,2012,Collage,Allusion to Artist,12 x 9 3/8,18 x 15,,,,,,,,195,boghosian_item,boghosian,"/img/derivatives/iiif/images/obj50/full/250,/0/default.jpg","/img/derivatives/iiif/images/obj50/full/1140,/0/default.jpg",/img/derivatives/iiif/obj50/manifest.json
obj51,Untitled,Andrew Wyeth's legs from Trodden Weed steps upon flora through a forested landscape.,Unknown,Collage,Allusion to Artist,16 x 13 1/4,23 1/4 x 20 3/8,,,,,,,,196,boghosian_item,boghosian,"/img/derivatives/iiif/images/obj51/full/250,/0/default.jpg","/img/derivatives/iiif/images/obj51/full/1140,/0/default.jpg",/img/derivatives/iiif/obj51/manifest.json
obj52,Untitled,Two pairs of Andrew Wyeth's legs from Trodden Weed steps upon flora through a forested landscape.,Unknown,Collage,Allusion to Artist,15 3/4 x 13 1/8,24 5/8 x 21 3/4,,,,,,,,197,boghosian_item,boghosian,"/img/derivatives/iiif/images/obj52/full/250,/0/default.jpg","/img/derivatives/iiif/images/obj52/full/1140,/0/default.jpg",/img/derivatives/iiif/obj52/manifest.json
obj53,Untitled,Two pairs of Andrew Wyeth's legs from Trodden Weed steps upon flora through a forested landscape. A fish with a human's eye peers out from beneath one of the feet.,Unknown,Collage,Allusion to Artist,16 x 13,23 1/8 x 20 1/4,,,,,,,,198,boghosian_item,boghosian,"/img/derivatives/iiif/images/obj53/full/250,/0/default.jpg","/img/derivatives/iiif/images/obj53/full/1140,/0/default.jpg",/img/derivatives/iiif/obj53/manifest.json
obj54,Untitled,Two pairs of Andrew Wyeth's legs from Trodden Weed steps upon flora through a forested landscape.,Unknown,Collage,Allusion to Artist,16 x 13,24 5/8 x 21 3/4,,,,,,,,199,boghosian_item,boghosian,"/img/derivatives/iiif/images/obj54/full/250,/0/default.jpg","/img/derivatives/iiif/images/obj54/full/1140,/0/default.jpg",/img/derivatives/iiif/obj54/manifest.json
obj55,Untitled,Andrew Wyeth's legs from Trodden Weed stride past a shooting target.,Unknown,Collage,Allusion to Artist,14 1/2 x 14 1/4,16 7/8 x 20 7/8,,,,,,,,200,boghosian_item,boghosian,"/img/derivatives/iiif/images/obj55/full/250,/0/default.jpg","/img/derivatives/iiif/images/obj55/full/1140,/0/default.jpg",/img/derivatives/iiif/obj55/manifest.json
obj56,Untitled,Andrew Wyeth's legs from Trodden Weed stride steps upon a bouquet of roses below which is a skyline of building blocks.,Unknown,Assemblage,Allusion to Artist,26 1/8 x 26 1/8,28 1/8 x 18 1/8,,,,,,,,201,boghosian_item,boghosian,"/img/derivatives/iiif/images/obj56/full/250,/0/default.jpg","/img/derivatives/iiif/images/obj56/full/1140,/0/default.jpg",/img/derivatives/iiif/obj56/manifest.json
obj57,Still Life with Peach/Spanish Still Life (After Zurbaran),A peach lies next to an open pocket knife. A reference to the still life paintings Francisco de Zurbaran.,1993,Assemblage,Allusion to Artist,17 1/2 x 30 x 5,35 1/2 x 23,Alpha Gallery,2987,,Lori Bookstein,LBFA 3229,Berta Walker,1750,202,boghosian_item,boghosian,"/img/derivatives/iiif/images/obj57/full/250,/0/default.jpg","/img/derivatives/iiif/images/obj57/full/1140,/0/default.jpg",/img/derivatives/iiif/obj57/manifest.json
obj58,Homage Too Many,A girl and a woman are occupy different interior and exterior Victorian settings.,2008,Collage,Allusion to Artist,13 x 15,20 x 22,Lori Bookstein,LBFA-2998,,,,,,203,boghosian_item,boghosian,"/img/derivatives/iiif/images/obj58/full/250,/0/default.jpg","/img/derivatives/iiif/images/obj58/full/1140,/0/default.jpg",/img/derivatives/iiif/obj58/manifest.json
obj59,The 'Artist',Birds fly downward to a birdhouse.,Unknown,Collage,Animals,5 1/8 x 3 1/2,17 5/8 x 13 5/8,,,,,,,,204,boghosian_item,boghosian,"/img/derivatives/iiif/images/obj59/full/250,/0/default.jpg","/img/derivatives/iiif/images/obj59/full/1140,/0/default.jpg",/img/derivatives/iiif/obj59/manifest.json
obj6,Untitled,The forearm of a skeleton extends from within the spine of two pages holding an hourglass.,c. 2010 - 2018,Collage,Anatomical,12 1/4 x 19 3/4,13 1/2 x 21,,,,,,,,205,boghosian_item,boghosian,"/img/derivatives/iiif/images/obj6/full/250,/0/default.jpg","/img/derivatives/iiif/images/obj6/full/1140,/0/default.jpg",/img/derivatives/iiif/obj6/manifest.json
obj60,Orpheus Enchanting the Birds (6),The silhouette of a figure captivates birds perched upon branches.,2010,Collage,Animals,10 1/4 x 13 3/4,16 3/8 x 20,Berta Walker Gallery,,,,,,,206,boghosian_item,boghosian,"/img/derivatives/iiif/images/obj60/full/250,/0/default.jpg","/img/derivatives/iiif/images/obj60/full/1140,/0/default.jpg",/img/derivatives/iiif/obj60/manifest.json
obj61,Untitled,Two birds fly alongside an airship above farmland.,Unknown,Collage,Animals,4 1/2 x 7 1/2,12 3/4 x 15 1/2,,,,,,,,207,boghosian_item,boghosian,"/img/derivatives/iiif/images/obj61/full/250,/0/default.jpg","/img/derivatives/iiif/images/obj61/full/1140,/0/default.jpg",/img/derivatives/iiif/obj61/manifest.json
obj62,Passage,A red moth perches atop a human skull within the curve of a Trumpeter Swan's neck.,2011,Collage,Animals,11 x 19 1/4,12 5/8 x 21,Victoria Munroe Fine Art,,,,,,,208,boghosian_item,boghosian,"/img/derivatives/iiif/images/obj62/full/250,/0/default.jpg","/img/derivatives/iiif/images/obj62/full/1140,/0/default.jpg",/img/derivatives/iiif/obj62/manifest.json
obj63,In the Forest,Two swans nestle intertwined within a forest.,2011,Collage,Animals,15 3/8 x 25 1/4,18 1/2 x 28 1/2,,,,,,,,209,boghosian_item,boghosian,"/img/derivatives/iiif/images/obj63/full/250,/0/default.jpg","/img/derivatives/iiif/images/obj63/full/1140,/0/default.jpg",/img/derivatives/iiif/obj63/manifest.json
obj64,A Swan for Marcel,A swan swims amongst flowers upon a map of constellations.,2011,Collage,Animals,14 1/4 x 13 3/8,22 1/4 x 21 3/4,Victoria Munroe Fine Art,,,,,,,210,boghosian_item,boghosian,"/img/derivatives/iiif/images/obj64/full/250,/0/default.jpg","/img/derivatives/iiif/images/obj64/full/1140,/0/default.jpg",/img/derivatives/iiif/obj64/manifest.json
obj65,Untitled,"Two figures and a skeleton gaze towards each other. Between them are a star map, butterfly, and swan.",Unknown,Collage,Animals,13 x 17 1/2,23 x 27,,,,,,,,211,boghosian_item,boghosian,"/img/derivatives/iiif/images/obj65/full/250,/0/default.jpg","/img/derivatives/iiif/images/obj65/full/1140,/0/default.jpg",/img/derivatives/iiif/obj65/manifest.json
obj66,The Lonely Swan,A swan swims within a small pond.,2020,Collage,Animals,10 3/4 x 7 1/2,14 3/4 x 11 3/4,,,,,,,,212,boghosian_item,boghosian,"/img/derivatives/iiif/images/obj66/full/250,/0/default.jpg","/img/derivatives/iiif/images/obj66/full/1140,/0/default.jpg",/img/derivatives/iiif/obj66/manifest.json
obj67,Untitled,"Bison, depicted on stamps from the Wildlife Conservation, surround a shooting target and the letters 'TM' at center.",Unknown,Collage,Animals,9 7/8 x 7 5/8,15 x 12,,,,,,,,213,boghosian_item,boghosian,"/img/derivatives/iiif/images/obj67/full/250,/0/default.jpg","/img/derivatives/iiif/images/obj67/full/1140,/0/default.jpg",/img/derivatives/iiif/obj67/manifest.json
obj68,Untitled,A bison stands next to a shooting target.,Unknown,Collage,Animals,18 1/2 x 14,25 3/8 x 20,,,,,,,,214,boghosian_item,boghosian,"/img/derivatives/iiif/images/obj68/full/250,/0/default.jpg","/img/derivatives/iiif/images/obj68/full/1140,/0/default.jpg",/img/derivatives/iiif/obj68/manifest.json
obj69,Untitled,Two butterflies and watercolor discs.,1997,Water color,Animals,13 x 19 1/2,19 1/4 x 25,,,,,,,,215,boghosian_item,boghosian,"/img/derivatives/iiif/images/obj69/full/250,/0/default.jpg","/img/derivatives/iiif/images/obj69/full/1140,/0/default.jpg",/img/derivatives/iiif/obj69/manifest.json
obj7,Untitled,The hips and legs of a skeleton hang down from above.,Unknown,Collage,Anatomical,18 1/2 x 10 1/2,24 x 15 3/4,,,,,,,,216,boghosian_item,boghosian,"/img/derivatives/iiif/images/obj7/full/250,/0/default.jpg","/img/derivatives/iiif/images/obj7/full/1140,/0/default.jpg",/img/derivatives/iiif/obj7/manifest.json
obj70,Untitled,A mirrored image of a butterflies flying above a unravelling disks.,2005,Water color,Animals,13 3/4 x 17 1/2,18 1/2 x 24,,,,,,,,217,boghosian_item,boghosian,"/img/derivatives/iiif/images/obj70/full/250,/0/default.jpg","/img/derivatives/iiif/images/obj70/full/1140,/0/default.jpg",/img/derivatives/iiif/obj70/manifest.json
obj71,Half and Half,"Water color discs, butter flies, and a Half and Half tobacco company label mirror each other on sheet music.",,Water color,Animals,,,,,,,,,,218,boghosian_item,boghosian,"/img/derivatives/iiif/images/obj71/full/250,/0/default.jpg","/img/derivatives/iiif/images/obj71/full/1140,/0/default.jpg",/img/derivatives/iiif/obj71/manifest.json
obj72,Four corners,A butterfly flies toward a tree.,1985,Collage,Animals,10 1/2 x 10 1/2,23 3/4 x 20 3/4,,,,,,,,219,boghosian_item,boghosian,"/img/derivatives/iiif/images/obj72/full/250,/0/default.jpg","/img/derivatives/iiif/images/obj72/full/1140,/0/default.jpg",/img/derivatives/iiif/obj72/manifest.json
obj73,Part of Myth,"A butterfly flies above a matchbook around which a white disk dangles, suspended within a string.",1987,Assemblage,Animals,14 x 13,22 3/4 x 20 3/4,Cordier & Ekstrom,CE # 127,"$5,000.00 ",Korus Gallery,,,,220,boghosian_item,boghosian,"/img/derivatives/iiif/images/obj73/full/250,/0/default.jpg","/img/derivatives/iiif/images/obj73/full/1140,/0/default.jpg",/img/derivatives/iiif/obj73/manifest.json
obj74,Pluto,A pair of arms ties a red bow. Below that a pair of hands holds a string attached to a butterfly.,1985,Collage,Animals,17 x 12`,21 1/4 x 16 1/2,Lori Bookstein,LBFA-5801,,Berta Walker,,,,221,boghosian_item,boghosian,"/img/derivatives/iiif/images/obj74/full/250,/0/default.jpg","/img/derivatives/iiif/images/obj74/full/1140,/0/default.jpg",/img/derivatives/iiif/obj74/manifest.json
obj75,Nocturne,A large blue butterfly flies amongst a lily flower and trees.,2011,Collage,Animals,17 x 20 1/2,24 1/4 x 27 3/8,Berta Walker Gallery,,,,,,,222,boghosian_item,boghosian,"/img/derivatives/iiif/images/obj75/full/250,/0/default.jpg","/img/derivatives/iiif/images/obj75/full/1140,/0/default.jpg",/img/derivatives/iiif/obj75/manifest.json
obj76,Untitled,"Four butterflies, a parrot, a fish, and a man without head.",Unknown,Collage,Animals,8 x 5 1/4,21 x 17,,,,,,,,223,boghosian_item,boghosian,"/img/derivatives/iiif/images/obj76/full/250,/0/default.jpg","/img/derivatives/iiif/images/obj76/full/1140,/0/default.jpg",/img/derivatives/iiif/obj76/manifest.json
obj77,Untitled,A butterfly alongside a pair of wings made from a letter cut into the shape of two hearts.,Unknown,Collage,Animals,8 3/4 x 10 3/4,16 1/2 x 18 1/2,,,,,,,,224,boghosian_item,boghosian,"/img/derivatives/iiif/images/obj77/full/250,/0/default.jpg","/img/derivatives/iiif/images/obj77/full/1140,/0/default.jpg",/img/derivatives/iiif/obj77/manifest.json
obj78,Untitled,A butterfly flies amongst flowers next to a headless figure dressed in red holding a blade.,Unknown,Collage,Animals,14 1/2 x 9 1/2,21 1/4 x 17 1/4,,,,,,,,225,boghosian_item,boghosian,"/img/derivatives/iiif/images/obj78/full/250,/0/default.jpg","/img/derivatives/iiif/images/obj78/full/1140,/0/default.jpg",/img/derivatives/iiif/obj78/manifest.json
obj79,Untitled,A butterfly above the top of a matchbook cover alongside white string and white disk.,Unknown,Collage,Animals,8 x 8 1/2,20 3/4 x 16 3/4,,,,,,,,226,boghosian_item,boghosian,"/img/derivatives/iiif/images/obj79/full/250,/0/default.jpg","/img/derivatives/iiif/images/obj79/full/1140,/0/default.jpg",/img/derivatives/iiif/obj79/manifest.json
obj8,Happy Skeleton,A skeleton sits underneath of a celestial backdrop next to roses.,2010,Collage,Anatomical,17 x 20 3/4,21 3/4 x 25 1/2,Berta Walker,,,,,,,227,boghosian_item,boghosian,"/img/derivatives/iiif/images/obj8/full/250,/0/default.jpg","/img/derivatives/iiif/images/obj8/full/1140,/0/default.jpg",/img/derivatives/iiif/obj8/manifest.json
obj80,Untitled,Two butterflies fly toward an orange moon.,1987,Collage,Animals,9 3/4 x 11 3/4,16 3/4 x 20 1/2,Cordier & Ekstrom,CE # 131,,,,,,228,boghosian_item,boghosian,"/img/derivatives/iiif/images/obj80/full/250,/0/default.jpg","/img/derivatives/iiif/images/obj80/full/1140,/0/default.jpg",/img/derivatives/iiif/obj80/manifest.json
obj81,Untitled,Eight butterflies fly toward an orange moon.,c. 1987,Collage,Animals,15 x 9 1/2,24 3/4 x 17 1/4,,,,,,,,229,boghosian_item,boghosian,"/img/derivatives/iiif/images/obj81/full/250,/0/default.jpg","/img/derivatives/iiif/images/obj81/full/1140,/0/default.jpg",/img/derivatives/iiif/obj81/manifest.json
obj82,Flight,Ten butterflies seem to fly out of the paper's grid toward a nearly disappeared butterfly.,1979,Collage,Animals,11 3/4 x 9 3/4,,,,,,,,,230,boghosian_item,boghosian,"/img/derivatives/iiif/images/obj82/full/250,/0/default.jpg","/img/derivatives/iiif/images/obj82/full/1140,/0/default.jpg",/img/derivatives/iiif/obj82/manifest.json
obj83,Pandora's Box,A small blue butterfly ascends out of a box.,1987,Collage,Animals,7 3/4 19 3/4,18 1/2 x 21 1/2,Cordier & Ekstrom,CE # 126,,Korus Gallery,,,,231,boghosian_item,boghosian,"/img/derivatives/iiif/images/obj83/full/250,/0/default.jpg","/img/derivatives/iiif/images/obj83/full/1140,/0/default.jpg",/img/derivatives/iiif/obj83/manifest.json
obj84,Part of a Myth,A blue butterfly contained to a square encased by a circle.,1988,Collage,Animals,21 1/2 x 21,,,,,,,,,232,boghosian_item,boghosian,"/img/derivatives/iiif/images/obj84/full/250,/0/default.jpg","/img/derivatives/iiif/images/obj84/full/1140,/0/default.jpg",/img/derivatives/iiif/obj84/manifest.json
obj85,Untitled,"Three butterflies, a bird, and a reindeer within garden of floral wreaths.",Unknown,Collage,Animals,13 1/2 x 11 1/4,21 1/2 x 19,,,,,,,,233,boghosian_item,boghosian,"/img/derivatives/iiif/images/obj85/full/250,/0/default.jpg","/img/derivatives/iiif/images/obj85/full/1140,/0/default.jpg",/img/derivatives/iiif/obj85/manifest.json
obj86,Hawthorne Feeding the Pigs,"A figure, amongst a drove of pigs, catches a large butterfly from the air, depicted on an envelope.",1985,Collage,Animals,7 x 7 1/2,20 3/4 x 16 1/2,Lori Bookstein,LBFA-3214,,Bucknell University,,,,234,boghosian_item,boghosian,"/img/derivatives/iiif/images/obj86_obj86_0/full/250,/0/default.jpg","/img/derivatives/iiif/images/obj86_obj86_0/full/1140,/0/default.jpg",/img/derivatives/iiif/obj86/manifest.json
obj87,Untitled,A basket holding a loaf of sliced bread next to a butterfly.,Unknown,Collage,Animals,13 x 10 3/4,22 x 19 3/4,,,,,,,,235,boghosian_item,boghosian,"/img/derivatives/iiif/images/obj87/full/250,/0/default.jpg","/img/derivatives/iiif/images/obj87/full/1140,/0/default.jpg",/img/derivatives/iiif/obj87/manifest.json
obj88,Untitled,A butterfly flies next to a closed chest above a jester presenting the letter 'O.',Unknown,Collage,Animals,11 1/2 x 10 1/4,18 1/4 x 17 1/4,,,,,,,,236,boghosian_item,boghosian,"/img/derivatives/iiif/images/obj88/full/250,/0/default.jpg","/img/derivatives/iiif/images/obj88/full/1140,/0/default.jpg",/img/derivatives/iiif/obj88/manifest.json
obj89,Untitled,A camel entering a canyon above a pear. Half of a pitted fruit appears to extends from behind the frame into right hand margin of backing board.,Unknown,Collage,Animals,7 3/4 x 5 1/4,21 1/4 x 17 1/4,,,,,,,,237,boghosian_item,boghosian,"/img/derivatives/iiif/images/obj89/full/250,/0/default.jpg","/img/derivatives/iiif/images/obj89/full/1140,/0/default.jpg",/img/derivatives/iiif/obj89/manifest.json
obj9,St. Eustace,"A skeleton, facing away, gazes a half deer-half bird creature.",2011,Collage,Anatomical,13 1/2 x 18,21 1/4 x 25 1/2,Cape Cod Museum of Art,,,,,,,238,boghosian_item,boghosian,"/img/derivatives/iiif/images/obj9/full/250,/0/default.jpg","/img/derivatives/iiif/images/obj9/full/1140,/0/default.jpg",/img/derivatives/iiif/obj9/manifest.json
obj90,Untitled,A black cat lurks behind two women in a garden.,Unknown,Collage,Animals,20 1/2 x 17,25 1/8 x 21 5/8,,,,,,,,239,boghosian_item,boghosian,"/img/derivatives/iiif/images/obj90/full/250,/0/default.jpg","/img/derivatives/iiif/images/obj90/full/1140,/0/default.jpg",/img/derivatives/iiif/obj90/manifest.json
obj91,Untitled,A family of deer are preyed upon by a figure underneath of a fox skin.,Unknown,Collage,Animals,10 x 14,16 1/2 x 20 1/2,,,,,,,,240,boghosian_item,boghosian,"/img/derivatives/iiif/images/obj91/full/250,/0/default.jpg","/img/derivatives/iiif/images/obj91/full/1140,/0/default.jpg",/img/derivatives/iiif/obj91/manifest.json
obj92,Untitled,A fish with the head of a bird swims within plants.,Unknown,Collage,Animals,11 3/4 x 9 3/4,18 1/2 x 16 5/8,,,,,,,,241,boghosian_item,boghosian,"/img/derivatives/iiif/images/obj92/full/250,/0/default.jpg","/img/derivatives/iiif/images/obj92/full/1140,/0/default.jpg",/img/derivatives/iiif/obj92/manifest.json
obj93,Untitled,Six fish surround a ship atop a shooting target.,c. 2010,Collage,Animals,10 3/8 x 14,17 1/8 x 21 1/4,Cape Cod Museum of Art,,,,,,,242,boghosian_item,boghosian,"/img/derivatives/iiif/images/obj93/full/250,/0/default.jpg","/img/derivatives/iiif/images/obj93/full/1140,/0/default.jpg",/img/derivatives/iiif/obj93/manifest.json
obj94,Odyssey,Nine fish swim below a sailing ship.,2006,Collage,Animals,22 x 31,,,,,,,,,243,boghosian_item,boghosian,"/img/derivatives/iiif/images/obj94/full/250,/0/default.jpg","/img/derivatives/iiif/images/obj94/full/1140,/0/default.jpg",/img/derivatives/iiif/obj94/manifest.json
obj95,In The Lagoon,An eye peers from the frame of a house surrounded by fish.,2010,Collage,Animals,15 3/4 x 17 1/2,21 1/2 x 23 3/4,Berta Walker Gallery,,,,,,,244,boghosian_item,boghosian,"/img/derivatives/iiif/images/obj95/full/250,/0/default.jpg","/img/derivatives/iiif/images/obj95/full/1140,/0/default.jpg",/img/derivatives/iiif/obj95/manifest.json
obj96,Untitled,"A pair of hands lead two fish, one labeled as 'surrealisme,' by the tip of a pin.",c. 2012 - 2017,Collage,Animals,9 1/2 x 6 3/4,20 3/4 x 17,,,,,,,,245,boghosian_item,boghosian,"/img/derivatives/iiif/images/obj96/full/250,/0/default.jpg","/img/derivatives/iiif/images/obj96/full/1140,/0/default.jpg",/img/derivatives/iiif/obj96/manifest.json
obj97,Untitled,Two fish lie on a beach.,c. 2012 - 2017,Collage,Animals,5 1/4 x 8,17 x 21,,,,,,,,246,boghosian_item,boghosian,"/img/derivatives/iiif/images/obj97/full/250,/0/default.jpg","/img/derivatives/iiif/images/obj97/full/1140,/0/default.jpg",/img/derivatives/iiif/obj97/manifest.json
obj98,Etruscan Anthology,An orange fish swims among the scene from an Etruscan tomb.,2018,Collage,Animals,7 1/2 x 7 1/2,21 x 17,Berta Walker Gallery,19703,"$3,500 ",,,,,247,boghosian_item,boghosian,"/img/derivatives/iiif/images/obj98/full/250,/0/default.jpg","/img/derivatives/iiif/images/obj98/full/1140,/0/default.jpg",/img/derivatives/iiif/obj98/manifest.json
obj99,Untitled,The sun sets behind a horse on an artist's palette.,1987,Collage,Animals,16 x 15 1/2,22 x 20 1/2,Cordier & Ekstrom,CE 128,,,,,,248,boghosian_item,boghosian,"/img/derivatives/iiif/images/obj99/full/250,/0/default.jpg","/img/derivatives/iiif/images/obj99/full/1140,/0/default.jpg",/img/derivatives/iiif/obj99/manifest.json
